,ï»¿achieve_1,achieve_2,achieve_3,achieve_4,achieve_5,achieve_6,self_1,self_2,self_3,self_4,self_5,self_6,self_7,self_8,curio_1,curio_2,curio_3,curio_4,curio_5,curio_6,curio_7,curio_8,curio_9,curio_10,curio_11,info_1,info_2,info_3,info_4,info_5,info_6,inter_d_1,inter_d_2,inter_d_3,inter_d_4,inter_d_5,inter_d_6,inter_d_7,inter_d_8,deci_1,deci_2,deci_3,deci_4,deci_5
1,0,2,1,0,0,3,0,2,3,2,3,2,1,0,0,0,1,1,1,0,1,2,1,0,0,0,0,0,0,0,2,1,1,2,1,1,0,0,0,3,3,2,2,2
2,0,3,2,2,0,2,0,4,0,4,4,3,0,0,0,0,0,0,0,0,0,0,0,0,0,0,0,0,0,0,0,0,4,4,0,4,0,0,0,4,0,4,2,2
3,0,2,4,1,1,1,2,0,0,3,1,0,1,3,1,1,3,1,0,0,0,1,0,0,0,0,1,1,0,0,1,2,0,1,2,2,4,3,0,1,2,4,0,4
4,2,2,2,0,1,2,2,0,0,0,0,2,0,0,0,0,0,0,4,4,0,2,2,4,0,0,0,0,0,0,0,4,2,2,1,2,2,0,3,1,2,2,2,4
5,1,2,0,0,0,2,1,2,0,2,2,0,1,2,0,0,0,0,1,2,0,1,0,2,0,0,1,0,0,0,2,4,4,4,4,0,0,0,0,4,4,4,2,3
6,1,1,3,1,1,1,0,1,1,2,3,0,0,3,0,1,2,0,1,2,0,3,0,0,0,0,0,0,0,0,0,4,3,3,1,1,3,1,2,1,4,4,2,2
7,3,2,4,2,3,2,0,0,0,4,2,0,1,1,0,0,0,0,0,0,0,0,0,0,0,0,0,0,2,0,2,2,2,2,4,2,2,0,0,4,2,4,4,4
8,3,1,0,0,0,0,0,0,0,0,4,0,1,1,0,0,4,4,1,0,0,4,0,4,0,0,1,0,0,1,0,4,4,4,4,0,0,1,0,4,0,3,4,3
9,1,0,2,2,1,2,2,4,2,2,3,1,1,3,4,0,4,0,0,0,0,0,0,0,0,0,0,0,1,0,0,2,2,2,2,2,2,2,2,2,2,2,2,2
10,3,2,1,1,2,1,2,1,1,1,1,0,1,2,0,0,0,1,1,1,1,4,1,0,1,0,0,1,2,0,3,2,1,2,0,0,2,1,1,3,3,3,4,4
11,0,1,1,0,1,1,4,1,0,1,3,2,0,4,3,2,4,0,0,2,0,2,0,3,0,0,0,0,1,0,0,3,2,1,1,1,0,3,0,2,1,4,4,4
12,0,1,0,0,1,1,3,2,0,3,1,1,2,4,2,2,4,1,1,3,0,3,0,0,1,0,1,0,0,2,0,2,0,0,3,0,1,2,1,2,2,4,4,3
13,4,3,1,0,3,2,1,1,1,3,0,0,3,0,0,0,0,0,0,2,0,1,3,0,0,1,0,2,2,0,2,2,2,2,2,2,2,2,2,3,2,2,2,3
14,0,0,0,0,2,1,1,0,1,2,1,0,1,3,1,2,2,1,1,2,0,3,2,2,1,0,1,1,1,0,1,3,2,3,2,2,0,2,1,4,2,3,4,3
15,3,1,1,2,0,2,0,3,1,2,2,2,2,3,2,1,2,0,0,2,0,1,2,0,1,0,0,0,0,0,2,3,0,1,3,1,0,2,2,4,4,3,3,3
16,1,1,2,0,1,1,3,3,2,3,3,2,1,3,4,3,3,0,0,2,0,2,1,0,0,0,2,3,2,1,2,0,0,0,2,1,0,0,4,1,4,4,0,1
17,1,1,2,2,1,2,2,3,1,2,3,0,1,1,1,1,2,1,1,2,1,2,1,0,1,1,2,1,1,1,3,1,1,2,2,1,1,1,1,3,2,3,3,3
18,2,1,3,2,2,2,2,1,1,2,1,1,1,1,1,1,1,1,1,1,1,2,1,1,1,1,2,1,2,1,2,1,1,2,3,1,2,1,1,1,3,3,3,3
19,3,2,0,1,1,2,3,4,1,1,4,0,0,3,3,1,1,1,2,2,2,1,3,1,2,1,1,1,1,0,0,2,0,0,2,1,2,2,0,2,1,3,4,2
20,0,3,2,0,4,2,0,4,0,3,4,0,1,4,0,0,4,2,2,3,0,3,2,0,1,0,0,0,0,0,0,2,0,0,2,0,0,1,2,4,4,4,4,4
21,2,2,0,1,0,2,0,2,4,0,1,0,0,4,0,1,3,0,0,0,0,3,3,2,4,3,0,2,0,1,3,1,1,3,3,2,0,3,0,3,4,3,1,4
22,2,1,2,0,2,1,3,1,1,3,4,1,3,1,1,0,0,3,0,2,1,0,0,0,0,0,1,1,0,0,1,1,1,3,1,3,2,3,3,4,4,4,4,4
23,3,2,0,3,4,4,3,3,2,4,4,0,4,4,0,0,0,0,0,0,0,0,0,0,0,0,0,0,0,0,4,4,0,4,0,0,0,0,0,4,4,4,4,4
24,1,1,3,0,2,2,3,1,1,3,4,0,1,4,3,0,1,0,0,3,2,0,3,1,0,0,2,0,1,0,1,2,2,1,1,2,0,2,2,4,1,4,4,4
25,3,2,3,3,3,1,1,4,2,2,2,4,3,3,0,0,0,0,4,3,0,3,1,4,3,0,0,0,0,0,0,1,0,3,3,0,0,1,2,0,4,4,0,1
26,3,1,1,0,1,2,1,3,3,3,3,2,2,4,3,0,3,1,0,2,2,1,3,1,0,0,2,0,1,0,1,3,2,3,3,3,1,3,2,1,1,1,0,2
27,3,2,2,0,2,0,2,1,2,3,1,1,2,1,1,1,1,2,1,1,2,2,2,2,1,1,1,1,1,1,2,2,2,3,3,1,0,1,2,3,2,3,3,4
28,2,1,2,2,2,0,1,1,2,2,2,3,2,1,1,1,1,1,2,1,1,1,1,2,2,1,2,2,2,1,1,2,2,3,2,1,1,2,1,3,3,3,3,2
29,2,2,2,1,2,2,1,1,1,3,2,4,1,3,2,1,2,1,1,2,0,0,2,1,2,0,0,1,0,0,1,2,2,2,3,1,2,1,2,3,3,4,2,4
30,1,1,1,0,1,1,0,3,1,3,4,1,2,1,2,3,3,1,0,2,1,2,3,3,3,1,0,3,1,1,0,3,3,3,1,1,4,4,2,1,1,1,1,1
31,3,3,3,2,2,2,2,1,2,3,3,0,1,2,2,2,3,1,1,3,1,0,2,1,1,1,1,2,1,1,2,1,2,3,1,1,0,1,1,2,3,2,1,3
32,2,1,3,2,2,2,1,1,0,0,2,1,2,0,2,2,2,3,1,0,2,0,2,2,2,1,0,2,1,2,2,2,2,3,3,2,1,2,2,4,1,2,3,3
33,3,2,2,0,4,0,3,3,3,3,3,0,0,1,2,4,4,3,0,2,0,1,2,0,0,0,1,1,2,1,1,3,1,1,1,2,1,1,0,4,3,2,3,2
34,3,2,1,2,3,3,2,2,3,2,2,2,1,2,1,1,1,1,1,1,1,1,0,1,1,1,1,2,1,1,1,2,2,3,1,2,2,2,1,2,3,3,2,3
35,3,3,2,2,2,3,3,1,3,1,2,1,2,3,3,1,1,1,1,0,1,2,3,0,1,0,0,0,3,0,4,1,1,2,1,2,1,1,1,1,3,2,3,4
36,4,1,3,3,2,0,2,2,2,2,2,0,2,1,2,1,1,0,1,2,1,2,0,0,1,0,2,2,1,1,2,2,2,2,2,1,1,1,2,3,4,4,4,3
37,0,3,3,3,1,2,3,1,2,4,3,1,1,1,1,1,3,0,3,2,1,2,1,3,3,3,0,0,1,1,1,1,1,2,3,3,3,0,1,1,1,3,1,2
38,2,2,1,1,2,2,2,2,2,2,3,1,1,1,1,2,3,4,3,0,2,1,2,4,0,1,1,2,1,1,0,1,1,3,3,1,1,1,3,3,3,1,3,0
39,1,1,1,1,2,1,2,1,1,2,1,1,1,1,2,2,1,1,1,2,1,1,2,2,2,1,1,2,2,2,2,3,2,3,3,2,2,2,2,3,3,2,2,3
40,2,1,2,2,2,2,1,1,2,2,2,1,2,3,3,3,3,1,0,1,2,0,2,1,3,1,1,0,2,1,1,2,1,3,0,1,0,2,1,4,3,3,4,3
41,1,1,1,1,2,3,2,3,3,3,3,3,1,4,2,2,3,2,0,1,1,2,3,0,1,0,0,0,1,0,1,3,4,2,3,1,3,2,2,1,2,1,1,2
42,0,3,4,3,2,2,2,3,1,2,3,0,0,4,0,1,0,2,1,0,4,0,3,2,1,2,0,2,2,0,3,2,0,1,2,1,0,3,2,2,4,4,1,3
43,2,2,1,2,2,2,1,2,2,2,2,1,2,2,2,1,1,2,1,1,2,1,1,2,2,1,1,1,1,2,2,4,2,3,2,1,2,2,2,2,2,2,2,2
44,0,2,4,4,1,1,3,4,3,2,3,3,1,3,3,3,3,3,2,2,3,0,4,1,3,0,1,1,1,0,2,0,1,0,3,0,0,0,0,4,0,0,0,3
45,1,1,3,2,1,1,3,1,1,2,3,2,1,2,3,3,3,1,1,2,2,2,2,1,2,1,1,2,1,1,1,2,1,1,1,2,1,2,1,2,3,3,3,2
46,1,1,4,0,2,1,2,2,2,2,3,2,2,1,2,2,2,0,2,3,2,2,2,0,2,2,2,2,2,1,2,1,0,2,1,2,2,2,2,1,2,3,4,1
47,4,4,3,0,3,0,2,1,3,2,3,1,1,1,1,1,1,1,1,1,1,1,1,2,1,1,1,1,1,1,2,1,1,3,2,0,3,3,0,3,4,4,4,3
48,3,2,3,2,3,3,2,2,2,2,3,1,3,3,1,2,2,2,2,2,3,2,2,2,1,1,1,1,1,1,2,1,1,1,1,1,1,2,2,1,1,1,1,2
49,3,2,3,3,2,1,4,3,4,0,3,0,3,3,3,3,0,3,1,0,1,1,4,1,1,0,0,0,0,0,0,1,2,3,1,1,0,2,3,1,3,4,3,3
50,2,2,4,2,3,2,2,4,3,2,4,4,2,3,3,3,4,0,4,3,2,2,1,2,2,0,1,2,0,2,1,0,0,0,1,0,0,0,0,2,0,0,1,4
51,2,2,3,2,2,2,3,2,1,1,1,1,1,4,0,0,1,2,3,1,1,2,0,2,1,1,1,0,2,2,2,4,3,3,2,2,1,1,1,3,2,3,3,3
52,3,2,2,2,1,2,1,2,2,2,3,2,1,1,1,2,1,2,1,2,1,2,2,1,2,0,1,1,2,1,2,3,3,1,3,1,1,3,4,3,0,2,3,2
53,2,0,2,2,2,0,2,2,2,2,2,0,2,2,2,2,2,2,2,2,2,2,2,2,2,2,0,2,2,2,2,2,2,2,2,2,2,2,2,2,2,2,2,2
54,1,2,2,0,2,2,1,2,2,2,3,3,1,2,1,1,0,1,2,2,1,2,0,3,1,1,1,1,1,3,2,2,3,3,3,1,2,1,0,2,4,4,4,3
55,4,2,3,1,2,3,2,2,1,2,2,1,2,3,3,2,3,0,0,2,0,4,3,0,0,0,1,0,0,0,0,3,4,4,2,3,1,2,1,2,2,2,2,4
56,2,1,1,1,3,1,3,3,3,2,3,1,1,1,1,1,3,3,1,1,1,1,3,3,1,3,2,1,3,1,1,1,1,1,1,1,0,3,1,3,3,3,2,4
57,2,2,0,0,2,3,2,2,2,1,1,1,2,2,2,2,1,2,1,2,3,2,3,2,2,1,1,1,2,2,2,1,1,1,1,1,0,2,1,4,4,4,4,3
58,1,1,1,0,2,2,3,4,1,3,3,3,0,4,2,2,3,1,1,2,1,2,1,4,1,1,0,1,2,1,2,2,1,1,1,1,0,2,1,4,3,3,4,3
59,1,2,3,2,1,3,3,3,2,3,3,2,1,1,0,1,3,0,4,3,1,2,4,2,0,0,1,0,1,0,1,3,2,3,0,3,1,1,3,2,2,2,3,3
60,2,3,3,0,4,2,2,4,2,2,4,1,2,2,2,1,4,0,0,0,4,0,3,0,0,0,0,0,0,0,0,3,3,2,2,2,1,2,1,4,2,4,4,4
61,3,2,2,2,2,2,0,1,1,3,2,1,1,2,1,2,1,2,1,2,1,3,3,1,1,0,1,1,1,1,2,3,3,1,3,2,2,2,1,4,3,3,3,3
62,1,1,2,1,2,3,1,0,1,3,4,0,3,3,3,1,3,3,0,2,2,1,4,3,3,1,1,0,0,1,0,3,1,2,1,1,1,1,4,4,4,4,1,1
63,2,2,2,2,1,3,2,2,2,3,3,1,1,3,1,1,1,1,1,2,1,1,2,1,1,1,2,1,2,1,1,2,2,3,2,2,2,0,1,3,3,4,3,4
64,2,2,3,2,2,2,3,3,2,2,2,2,2,2,2,1,2,2,1,2,1,2,3,1,1,1,1,1,1,2,2,3,1,2,2,2,1,1,1,3,1,3,2,2
65,3,2,2,2,2,2,2,1,0,2,0,0,0,2,2,1,0,2,1,2,2,2,2,2,2,2,2,2,2,1,2,4,2,2,2,2,2,2,2,4,2,2,4,2
66,2,1,2,2,1,2,2,1,2,2,2,0,1,2,2,2,2,2,2,2,2,2,2,2,2,2,2,1,1,2,2,2,2,2,2,2,2,2,2,2,2,2,2,3
67,2,2,2,2,2,2,3,2,2,1,3,4,2,3,1,1,1,1,2,2,1,1,1,2,1,1,2,1,2,1,2,2,2,2,2,2,2,1,1,2,3,3,3,2
68,4,0,2,1,2,2,0,2,2,4,3,0,3,1,2,1,1,2,1,4,2,3,1,2,4,0,0,2,0,2,3,1,4,2,2,0,2,3,2,3,2,3,0,2
69,3,2,2,2,2,3,2,3,1,2,2,1,1,2,1,2,2,1,1,2,1,1,2,2,2,1,1,1,1,1,2,3,2,2,2,1,2,2,1,3,3,3,3,3
70,2,2,3,0,3,1,2,3,1,2,3,3,2,3,0,0,1,2,2,2,1,1,2,1,1,1,3,0,2,1,2,2,1,2,1,2,3,3,3,3,4,2,3,1
71,1,2,0,2,2,2,2,2,1,2,2,2,2,3,2,2,2,2,1,2,2,1,1,2,2,2,2,3,1,1,2,3,3,3,3,2,4,2,2,2,0,2,1,0
72,2,2,2,1,2,2,1,2,2,1,3,1,2,2,2,2,2,2,3,2,1,2,2,3,2,1,2,1,2,1,2,3,2,2,2,1,1,2,1,3,2,1,3,3
73,1,2,2,3,3,2,2,3,3,3,2,4,1,3,3,2,3,2,2,1,1,1,1,1,1,1,1,1,1,2,1,2,3,1,2,1,1,3,1,3,1,1,3,2
74,1,1,2,3,2,2,2,1,1,3,2,2,3,2,1,2,2,1,2,1,2,2,2,1,2,1,1,2,1,1,2,3,3,2,2,1,2,2,2,3,2,3,3,2
75,1,2,2,1,1,3,2,2,1,2,4,2,0,2,1,1,2,2,1,4,0,3,2,2,1,0,1,0,1,3,1,4,3,3,1,2,4,3,2,3,2,3,2,1
76,2,2,2,1,2,2,1,2,2,2,2,3,2,1,2,2,2,2,3,3,2,2,2,3,3,2,1,2,1,2,3,1,1,1,1,2,1,1,2,2,2,2,2,2
77,2,1,3,1,2,1,3,1,2,3,3,3,1,3,3,3,3,3,2,2,2,1,3,2,0,1,1,2,1,1,1,1,1,1,1,1,1,1,2,3,3,3,3,3
78,2,1,2,2,2,1,3,1,2,3,2,2,2,2,3,2,3,3,2,2,3,2,3,2,3,1,1,1,1,2,2,3,2,2,3,2,1,2,1,1,1,1,1,1
79,4,2,2,2,2,3,1,0,1,2,2,0,1,2,2,1,1,1,1,2,2,2,3,1,2,1,2,1,2,2,2,2,2,3,2,2,3,2,2,2,3,2,3,4
80,2,2,1,0,2,2,3,3,2,2,3,1,2,2,2,2,3,1,1,2,1,2,2,2,2,1,1,0,2,0,2,3,3,3,2,3,2,2,2,2,2,2,3,2
81,2,2,2,3,3,2,2,2,2,3,4,4,3,3,2,2,2,0,3,3,2,2,3,3,2,2,1,2,2,1,0,1,1,1,0,1,0,1,1,2,2,2,1,2
82,4,3,0,0,3,2,0,2,4,4,1,1,0,2,1,0,0,0,0,2,4,2,4,0,2,1,0,0,3,0,1,4,3,3,3,3,3,2,3,3,2,3,3,3
83,2,2,2,2,3,1,3,3,3,3,3,0,1,2,4,3,3,1,1,3,2,1,2,1,3,0,1,1,1,1,3,2,1,2,1,1,2,1,1,1,3,4,3,2
84,1,2,2,1,1,2,2,1,4,4,2,2,1,1,1,2,2,1,1,4,2,3,3,4,1,1,1,1,2,2,2,1,2,2,2,2,1,2,2,3,2,3,2,2
85,3,2,3,1,2,3,2,3,3,2,3,1,1,2,2,2,4,1,1,3,0,2,4,2,1,0,2,0,2,1,3,0,0,1,2,2,0,1,1,3,4,4,4,2
86,2,2,2,1,2,2,3,3,1,2,2,2,1,3,3,3,2,1,2,3,1,3,3,1,1,1,2,2,2,2,1,3,1,2,1,3,4,2,3,1,1,1,1,1
87,2,3,2,2,2,2,1,1,2,2,2,1,2,3,4,2,0,2,4,2,2,2,3,3,2,2,1,2,2,2,2,1,2,1,2,2,2,2,2,2,1,2,1,2
88,3,2,2,2,3,2,2,2,2,3,3,2,2,3,1,2,1,2,2,2,2,1,1,1,1,1,2,2,2,2,1,2,2,3,3,1,1,2,2,3,2,2,2,2
89,3,3,3,3,3,1,1,4,1,4,4,3,3,3,3,3,3,0,0,3,0,3,0,0,0,1,0,0,1,0,0,3,1,4,1,4,0,0,4,4,1,1,3,4
90,2,2,2,1,2,1,2,2,2,3,3,3,1,2,2,1,2,0,3,2,1,2,0,3,1,0,2,1,1,1,2,2,2,3,2,2,1,2,3,3,3,4,3,4
91,2,3,3,1,2,3,2,1,1,4,4,2,2,1,3,1,2,1,1,2,1,3,4,2,1,1,1,1,2,1,1,3,2,2,2,2,1,1,1,2,2,3,3,3
92,3,2,2,0,2,2,2,2,2,3,3,3,2,2,2,1,3,2,1,2,2,1,1,1,2,1,1,1,2,2,2,3,3,2,2,2,3,2,2,2,2,3,1,2
93,1,2,3,3,3,3,1,3,1,3,3,3,1,3,3,3,3,1,1,3,1,3,1,1,1,1,1,1,1,1,1,3,3,2,1,1,3,3,1,1,1,3,1,3
94,4,2,1,2,3,2,2,2,2,4,4,0,1,2,4,1,4,1,1,3,2,2,2,2,2,1,0,1,0,1,2,2,1,0,1,2,0,2,2,4,3,3,4,3
95,4,3,3,1,3,3,2,3,4,3,3,0,1,2,4,1,3,1,3,3,0,2,1,1,1,1,0,0,4,0,2,2,2,1,2,2,3,3,0,2,3,2,1,2
96,3,1,3,1,2,2,3,3,2,2,3,2,3,3,4,4,4,1,1,1,1,2,3,2,2,0,1,0,1,0,2,1,2,1,2,1,2,1,2,1,3,4,2,3
97,2,2,2,0,1,1,3,3,3,3,3,2,2,3,2,2,3,2,2,2,2,2,2,1,1,1,1,1,2,1,2,3,1,2,1,3,2,3,1,3,3,2,1,3
98,1,3,2,2,1,3,1,2,1,3,4,4,1,0,2,2,2,1,2,2,2,2,2,2,2,2,2,2,1,2,2,2,3,2,0,2,2,2,2,2,2,2,2,4
99,2,2,1,0,2,2,2,1,2,2,3,1,1,2,2,2,2,2,2,3,2,2,2,1,2,2,2,2,2,1,2,1,2,3,3,2,2,1,1,4,3,3,4,3
100,2,2,2,2,2,2,2,2,2,2,2,2,2,2,2,2,2,2,2,2,2,2,2,2,2,2,2,2,2,2,2,2,2,2,2,2,2,2,2,2,2,2,2,2
101,2,3,2,2,2,2,1,4,3,2,3,1,1,3,2,2,2,2,1,2,3,2,2,1,1,1,1,1,2,1,1,2,2,2,2,2,2,3,1,3,3,3,2,3
102,3,3,2,1,2,2,3,3,3,2,2,1,1,2,3,3,3,3,1,1,1,1,3,2,3,1,1,1,1,1,2,2,1,3,1,2,1,1,1,3,3,3,3,3
103,3,3,1,1,2,2,1,1,2,3,2,1,2,2,2,2,1,1,1,3,2,2,2,3,2,1,1,1,2,1,2,3,2,3,2,1,2,2,2,3,3,3,4,3
104,1,2,2,0,2,3,2,2,2,3,2,3,3,3,2,1,2,2,1,3,2,1,3,2,1,2,2,2,3,1,4,2,2,1,2,1,2,2,2,4,2,3,1,0
105,2,2,2,2,2,2,2,2,2,2,2,2,2,2,2,2,2,2,2,2,2,2,2,2,2,2,2,2,2,2,2,2,2,2,2,2,2,2,2,2,2,2,2,2
106,3,2,2,3,2,2,2,2,2,2,2,2,2,2,2,2,2,2,2,2,2,2,2,1,2,2,2,1,2,2,2,2,4,1,2,1,2,4,0,2,2,3,2,2
107,2,1,3,3,2,2,2,3,1,2,3,3,1,4,3,2,2,1,1,3,1,3,3,3,1,1,2,1,1,2,2,2,1,2,2,2,1,1,1,1,3,4,3,2
108,3,2,2,1,2,1,4,2,2,3,2,3,2,3,2,3,3,2,1,3,2,2,4,2,2,2,1,1,1,2,1,2,2,2,1,1,0,1,1,3,2,3,3,2
109,2,0,2,1,3,2,2,4,1,3,2,3,4,4,2,4,3,0,2,1,1,4,0,0,0,0,1,0,0,4,3,2,4,3,2,2,3,1,3,3,1,3,3,1
110,3,2,3,1,2,2,3,2,3,4,3,2,2,4,2,2,1,2,2,3,2,3,1,2,1,0,2,1,1,2,1,3,2,1,1,1,2,2,1,2,2,3,2,3
111,2,2,2,1,2,2,2,2,2,3,3,1,2,2,2,2,2,2,3,3,1,1,1,3,1,1,2,1,2,1,2,3,2,2,2,2,3,2,2,3,2,2,3,3
112,2,2,2,0,2,2,3,2,2,2,3,1,2,2,2,1,1,2,2,2,2,2,2,2,2,2,1,1,3,1,3,3,3,3,3,2,1,2,2,3,2,3,2,2
113,1,2,2,2,2,2,2,3,2,2,3,2,2,2,2,4,4,4,1,3,2,3,4,2,2,2,1,3,3,1,2,0,0,0,3,0,3,1,1,1,2,2,2,2
114,3,2,4,1,3,3,1,2,2,3,3,0,2,4,1,2,1,3,1,0,3,3,2,1,1,0,3,3,1,2,3,2,2,3,0,3,0,1,3,4,1,2,4,1
115,2,3,2,1,3,2,2,2,2,1,2,0,1,3,2,2,2,2,3,3,2,2,1,3,2,0,2,2,2,2,2,3,3,2,2,2,3,2,2,2,2,2,2,2
116,4,1,4,2,2,2,4,4,1,2,4,4,1,2,2,2,2,0,0,4,2,4,0,2,2,2,1,1,0,0,1,2,4,3,2,2,2,0,2,0,2,4,0,4
117,2,2,2,2,2,3,2,2,2,2,2,2,2,2,2,2,2,2,2,2,2,2,2,2,2,2,2,2,2,2,2,2,2,2,3,2,2,2,2,2,2,2,2,2
118,3,1,2,1,3,1,1,2,0,3,3,0,2,3,3,3,3,2,0,2,2,4,1,0,2,0,0,0,2,2,2,4,4,4,4,3,3,3,3,0,2,1,2,4
119,2,1,2,2,2,2,2,2,2,2,2,3,2,3,2,2,2,2,2,2,2,2,2,2,2,2,2,2,3,2,2,2,2,2,2,2,2,2,2,2,2,2,2,2
120,4,2,2,3,4,2,4,3,2,4,4,0,1,4,2,1,0,2,1,3,3,0,3,3,2,0,0,0,2,0,1,2,4,4,0,3,0,3,2,1,0,4,3,2
121,3,2,2,2,2,2,2,2,2,2,2,2,2,2,2,2,2,2,2,2,2,2,2,2,2,2,2,2,2,2,2,2,2,2,3,2,2,2,2,2,2,2,2,2
122,1,2,2,0,1,1,2,4,2,3,2,4,2,3,2,1,2,1,1,3,2,1,3,3,2,2,2,2,2,2,2,3,3,3,2,1,2,2,2,2,2,3,1,2
123,3,1,3,1,1,2,3,1,1,3,3,3,1,3,3,3,3,1,3,2,1,1,1,1,0,0,1,1,1,3,2,3,3,2,1,2,2,2,2,2,4,4,3,4
124,3,3,1,1,1,2,1,3,0,4,3,0,0,2,3,2,2,1,3,0,1,1,2,3,1,0,4,0,2,4,4,3,4,4,3,2,4,3,3,1,1,2,3,0
125,3,3,4,0,1,2,2,1,3,3,4,3,3,1,2,2,2,2,3,1,1,3,3,3,2,1,1,2,2,1,1,2,2,2,3,3,0,2,3,0,3,3,1,1
126,2,1,2,0,2,2,2,2,2,2,2,1,2,3,3,2,2,2,2,2,2,2,2,2,2,0,2,2,1,2,2,2,3,3,2,2,4,2,2,3,2,3,3,2
127,2,2,3,2,2,2,3,2,3,2,2,2,2,2,2,2,2,2,2,2,2,2,2,2,2,2,2,2,2,2,2,2,2,2,3,2,1,3,2,1,2,1,2,2
128,3,2,1,1,3,2,3,3,3,4,4,3,3,2,3,2,1,2,3,3,3,1,2,1,2,2,1,1,1,0,3,3,3,2,1,1,1,3,1,1,1,0,1,4
129,2,2,2,1,2,2,2,2,3,2,2,2,2,3,3,3,2,3,1,4,2,3,1,3,2,1,3,1,2,2,3,3,1,3,1,1,1,1,3,2,2,1,2,2
130,2,2,3,1,3,3,0,3,3,3,3,0,0,3,2,2,3,2,3,2,1,3,3,3,1,0,1,2,1,0,3,3,4,3,4,3,3,2,3,0,1,2,1,1
131,4,3,1,2,2,2,2,1,0,2,2,0,0,2,3,3,3,2,2,2,2,2,1,1,2,2,2,2,2,2,2,3,2,2,2,2,2,2,2,4,3,3,4,2
132,3,2,3,3,3,1,3,1,2,4,2,0,2,3,3,1,2,1,1,1,1,0,3,1,1,2,2,2,3,4,3,0,2,2,1,2,1,2,3,4,1,4,3,3
133,4,2,1,2,2,2,2,4,0,3,0,2,2,1,2,4,2,3,1,2,2,2,2,3,2,4,2,0,2,3,2,2,2,2,2,4,2,0,2,2,2,3,2,1
134,1,1,2,2,2,2,2,3,2,3,2,1,1,2,3,3,4,2,2,3,2,2,4,3,1,0,1,0,3,2,3,3,2,3,1,2,4,2,1,1,2,1,2,3
135,4,2,2,3,3,2,2,1,1,3,2,1,2,2,3,2,1,2,1,2,2,2,2,1,3,1,3,2,2,1,3,3,1,3,2,1,1,1,3,3,3,2,3,2
136,1,2,2,1,2,3,2,3,3,3,3,3,1,1,3,3,3,1,1,2,2,2,3,2,2,1,1,1,2,0,1,3,2,2,2,2,1,1,2,2,4,4,3,3
137,3,2,2,2,2,1,2,3,2,3,2,2,1,1,3,3,3,3,2,3,3,3,3,2,2,2,1,2,3,1,2,2,1,2,2,1,1,1,1,2,2,3,2,2
138,2,2,1,2,2,2,2,2,1,2,1,1,2,2,2,1,1,3,1,2,2,2,3,2,2,0,3,2,2,2,2,3,3,4,2,3,2,2,3,3,2,2,3,3
139,4,3,2,1,3,3,2,2,3,2,3,2,2,4,3,2,2,2,2,2,2,2,3,2,1,0,1,2,1,1,1,2,4,2,2,2,2,2,2,0,2,3,2,1
140,2,2,2,2,2,2,2,2,2,2,2,2,2,2,2,2,2,2,2,2,2,2,3,3,2,2,2,2,2,2,2,3,2,2,2,2,2,2,3,2,2,2,1,2
141,2,4,2,2,2,4,2,3,2,2,2,0,2,2,2,2,2,2,2,2,2,2,2,2,2,2,2,2,2,2,2,2,2,2,2,2,2,2,2,2,2,2,2,2
142,4,2,2,1,3,2,4,1,3,3,2,2,4,3,0,2,3,2,2,3,0,0,1,4,0,0,2,1,1,1,4,1,2,3,2,2,1,2,2,3,4,4,2,2
143,1,1,1,3,1,2,2,3,3,3,3,4,1,3,3,3,3,3,3,1,1,1,4,2,2,1,0,3,2,3,3,2,2,0,3,2,1,1,3,1,3,4,1,0
144,3,2,3,2,3,1,3,2,3,3,3,2,3,4,2,1,2,1,1,2,1,3,3,2,1,1,2,1,1,1,1,2,1,1,2,2,3,2,3,3,3,3,2,2
145,2,2,1,2,2,2,2,2,2,3,2,1,2,2,3,3,3,1,1,1,2,3,1,1,3,1,1,1,1,2,3,3,3,3,2,2,2,2,3,2,2,3,3,4
146,3,3,3,2,3,3,2,0,3,3,3,0,2,1,1,1,1,1,1,3,3,2,3,3,2,0,2,0,2,1,2,3,3,3,3,3,3,3,0,2,2,3,1,4
147,3,2,2,2,2,2,2,2,2,2,3,3,2,2,2,2,2,2,2,3,2,2,2,2,2,2,2,2,2,2,3,2,2,2,1,2,3,2,2,2,2,2,2,1
148,4,3,3,2,3,2,3,3,2,2,3,2,2,2,2,2,2,2,4,2,2,3,2,4,2,1,2,2,2,2,2,2,4,2,0,1,2,2,1,1,0,1,0,2
149,3,3,3,3,3,2,4,4,3,2,4,2,4,4,3,2,1,2,2,0,2,1,2,2,2,0,3,2,1,2,4,0,1,1,0,1,0,2,2,4,2,3,1,1
150,2,1,0,2,2,3,2,2,2,2,4,4,2,3,2,0,0,0,0,4,0,4,0,4,0,0,2,0,4,4,2,3,2,1,1,2,2,3,4,3,3,4,4,4
151,2,2,1,2,2,0,2,2,3,3,4,1,1,3,1,1,1,1,2,1,1,2,1,4,1,1,2,1,3,3,2,2,3,3,3,2,3,3,3,3,3,3,3,3
152,2,2,2,1,3,2,3,2,2,3,2,2,2,3,2,1,1,2,3,3,2,1,1,3,1,1,2,1,2,2,2,2,3,2,2,2,3,2,2,3,3,3,2,3
153,3,2,1,1,3,2,1,3,2,3,3,1,2,4,2,2,3,2,2,3,3,3,2,3,3,1,1,1,2,2,3,2,1,1,1,2,2,1,1,1,3,3,4,2
154,3,2,2,3,2,3,2,2,2,3,3,3,2,2,3,2,3,2,1,1,1,2,2,2,2,1,2,1,2,2,2,3,2,2,1,1,3,2,1,3,2,2,3,3
155,4,4,2,0,4,4,2,4,2,2,2,1,3,2,2,2,2,3,2,2,3,1,1,2,2,1,2,2,2,2,2,0,3,2,3,1,2,1,3,1,2,4,0,2
156,2,3,2,2,2,2,2,1,1,1,2,1,1,2,2,1,1,3,2,2,2,3,3,2,3,2,2,2,2,2,2,3,3,3,3,2,3,2,2,3,2,2,2,3
157,2,2,3,1,2,1,2,3,3,3,3,3,3,3,3,3,3,2,2,2,2,2,2,2,2,2,2,2,2,2,2,2,1,2,1,2,2,2,2,1,2,2,1,2
158,4,2,2,2,2,2,1,1,2,2,3,2,3,3,3,2,2,2,0,4,1,4,2,0,1,0,1,1,2,0,3,3,2,2,2,2,4,2,2,3,2,3,3,4
159,3,2,2,2,2,2,2,2,2,2,2,2,2,3,2,2,2,3,2,3,2,2,2,2,2,2,2,2,2,2,2,2,2,3,2,2,2,2,2,2,2,2,2,2
160,3,2,2,2,2,2,2,2,2,2,3,1,2,2,2,2,2,2,2,2,2,2,2,2,2,1,2,1,2,1,3,3,3,4,2,3,3,2,2,2,1,2,2,3
161,3,3,3,0,2,3,2,4,1,3,3,3,1,4,3,3,3,1,0,3,3,4,4,4,3,0,0,0,0,0,1,2,3,2,0,2,1,1,1,4,3,3,3,1
162,4,3,1,0,4,4,3,3,2,4,4,4,1,3,3,1,4,2,1,4,2,0,2,4,1,0,0,1,1,1,0,2,2,1,2,2,1,2,1,4,1,3,3,2
163,2,2,2,2,2,3,2,2,2,2,2,2,2,2,3,2,2,2,3,2,3,2,2,2,3,2,2,2,2,2,2,2,2,2,2,2,2,2,2,2,2,2,2,2
164,2,2,2,2,2,2,2,3,3,2,2,3,2,2,2,2,2,2,2,2,4,2,2,2,2,3,2,2,2,2,2,2,1,1,2,2,4,2,4,2,0,1,2,2
165,1,2,2,2,2,2,2,2,2,4,4,4,2,2,2,2,2,2,1,2,2,2,2,2,2,2,1,2,4,2,2,2,2,2,2,2,2,2,2,2,2,2,2,3
166,3,3,3,1,1,2,2,0,1,4,3,0,1,2,2,2,2,1,3,3,2,3,3,3,2,1,1,1,2,2,2,3,3,3,3,2,3,2,1,2,2,3,3,3
167,2,1,1,2,1,2,2,1,1,1,2,1,1,3,2,2,2,3,1,3,2,3,3,1,3,1,2,2,3,2,3,3,3,3,3,2,2,1,2,3,2,4,3,4
168,3,1,4,3,3,2,3,2,2,2,3,1,1,1,3,1,2,3,2,2,3,3,3,3,1,0,1,1,2,1,3,4,3,4,2,0,1,2,3,1,1,3,2,3
169,2,3,4,4,2,2,3,3,2,3,4,4,1,1,1,1,1,0,2,1,2,2,1,3,2,1,1,1,3,2,3,4,4,1,2,1,3,3,1,1,2,3,0,4
170,2,1,2,1,3,2,2,3,2,2,2,2,3,3,3,2,3,2,3,2,2,3,3,3,2,2,1,1,2,1,2,3,1,2,0,1,3,2,1,3,3,2,3,3
171,1,3,3,1,2,2,3,1,2,3,3,1,2,3,2,2,2,1,1,2,1,1,3,1,2,2,2,2,2,1,3,3,2,2,3,3,3,3,3,2,1,3,3,3
172,2,2,2,2,2,3,2,3,1,2,2,2,2,2,3,2,2,2,2,3,3,2,3,2,3,1,2,2,3,2,2,2,2,2,2,2,2,2,2,1,2,2,2,3
173,2,3,4,2,2,2,2,2,2,1,2,2,2,2,3,2,1,3,2,3,4,2,4,2,4,4,2,2,1,2,1,1,2,2,2,2,1,2,3,2,2,0,2,2
174,4,3,1,0,2,3,2,2,2,2,2,1,2,3,2,2,2,2,2,3,2,2,2,2,1,2,2,2,2,2,1,3,3,2,2,2,2,1,2,4,2,3,4,3
175,2,2,2,1,2,3,1,1,2,3,2,1,1,3,3,2,3,2,3,3,2,2,1,2,3,2,1,1,2,2,2,3,3,2,3,2,2,2,2,2,3,3,3,3
176,3,2,2,2,2,2,2,2,2,3,3,2,2,2,2,2,3,3,1,2,2,2,4,2,2,2,2,2,2,3,2,2,2,2,2,2,2,2,2,2,2,2,2,2
177,2,2,1,2,2,3,2,1,1,2,2,1,2,3,3,2,1,2,1,2,2,2,3,2,1,1,2,1,1,2,2,4,4,3,3,2,4,3,3,2,3,3,3,2
178,1,1,2,2,2,2,2,1,3,3,2,4,2,4,2,2,2,2,3,3,2,3,2,2,2,2,2,2,1,2,2,2,2,2,2,2,2,2,2,2,2,2,3,3
179,2,2,1,2,2,2,3,3,3,3,3,4,3,3,2,2,2,1,1,3,1,3,1,2,1,1,1,2,2,1,1,3,2,2,2,2,2,2,2,3,3,4,3,2
180,1,2,2,2,2,2,3,2,2,4,2,2,2,3,2,1,2,2,3,3,1,2,1,2,1,1,1,1,3,1,2,3,2,3,3,2,3,3,3,2,3,3,2,3
181,2,2,3,3,1,3,2,3,1,1,3,2,1,3,3,2,2,1,1,3,2,2,3,1,3,1,1,1,2,1,3,2,2,3,2,3,3,2,1,3,3,3,3,3
182,4,4,4,1,3,3,3,3,4,4,3,3,4,4,1,1,1,1,0,3,1,1,2,1,1,1,4,2,2,0,4,1,1,3,0,2,0,2,3,4,3,1,2,0
183,2,1,3,3,2,2,2,1,3,2,2,2,2,2,3,3,2,2,2,3,2,3,2,2,2,2,1,2,2,1,3,3,3,3,2,2,3,2,2,2,1,2,2,2
184,4,3,2,1,2,2,4,4,0,3,2,0,2,2,2,4,0,2,4,2,3,2,4,2,2,1,3,3,1,0,2,4,2,4,3,2,4,2,1,2,2,0,2,0
185,3,2,2,2,3,2,3,2,3,3,4,1,3,3,2,2,2,2,2,2,2,2,2,2,2,2,2,2,2,2,2,2,2,2,2,2,2,2,2,2,2,2,2,2
186,1,2,4,2,3,3,1,4,2,1,2,4,2,2,1,1,1,1,2,0,2,3,0,4,3,1,2,2,1,2,4,1,1,2,3,1,3,1,1,4,4,4,4,4
187,2,2,4,0,3,2,3,2,3,3,3,2,3,3,3,2,3,3,2,2,2,2,2,2,1,0,0,0,2,2,2,4,4,2,0,3,4,3,2,4,0,0,3,2
188,2,1,1,2,1,2,2,4,3,4,4,1,1,1,3,4,4,2,3,2,1,1,3,1,1,0,1,3,2,1,0,3,4,3,4,3,3,3,2,1,1,2,3,3
189,1,2,0,1,2,2,2,2,2,3,3,2,2,3,3,3,2,2,3,2,3,2,2,2,3,2,2,2,1,2,3,2,2,2,2,2,3,2,2,3,2,3,2,3
190,3,2,3,1,3,1,1,1,2,3,3,2,3,1,3,3,2,2,1,3,2,3,3,1,1,1,1,1,1,2,1,3,4,3,3,3,3,2,3,3,2,1,3,3
191,4,3,3,1,3,2,3,1,2,3,3,1,3,2,1,2,1,1,2,2,1,2,1,2,2,1,1,2,2,2,2,3,3,3,3,3,3,2,2,2,2,3,3,3
192,3,2,2,3,4,3,2,4,2,2,4,2,3,3,2,1,3,2,1,3,2,1,3,2,2,2,2,2,2,2,2,2,2,0,2,3,3,3,2,2,0,0,2,2
193,3,3,3,3,2,3,2,2,2,2,3,2,2,2,2,2,2,2,2,2,2,2,2,2,2,2,2,2,2,2,2,2,3,2,3,2,2,3,2,1,2,1,3,2
194,3,2,1,2,3,2,1,3,3,3,3,4,2,4,4,3,3,2,3,3,2,3,4,1,2,1,1,1,1,0,1,3,3,2,2,2,1,1,3,1,2,2,2,2
195,2,2,2,3,3,2,2,2,2,2,4,3,1,1,3,2,3,1,3,3,3,2,4,2,2,0,1,0,1,1,0,3,3,2,3,2,3,1,1,4,3,4,3,3
196,2,2,2,2,2,2,2,2,2,4,2,0,2,4,2,2,2,2,2,3,2,3,2,3,3,3,2,2,2,3,1,4,2,3,2,2,1,2,1,2,2,3,2,2
197,2,3,2,2,3,3,1,4,2,2,4,3,3,3,2,2,2,2,1,2,2,2,2,1,2,2,1,2,3,2,3,2,2,2,2,2,2,2,3,2,2,2,2,2
198,3,3,3,1,3,2,2,2,3,3,3,2,2,3,1,1,1,2,4,2,1,2,2,4,2,1,2,2,2,1,1,3,3,3,2,2,1,1,2,3,3,3,2,3
199,4,2,3,1,2,2,1,2,1,1,3,1,1,1,3,2,3,1,1,2,1,1,1,2,1,1,2,3,2,1,2,4,4,3,4,2,4,4,3,2,3,4,2,4
200,3,2,2,2,2,3,2,2,2,2,3,2,3,3,2,3,2,2,2,3,2,3,2,2,2,2,2,2,2,2,3,2,2,2,2,3,2,2,2,2,1,2,2,2
201,2,2,3,2,2,3,3,3,2,3,3,3,3,3,2,2,3,2,1,3,2,2,3,3,2,2,2,3,1,2,1,3,2,2,2,1,2,2,2,1,2,2,1,2
202,2,2,2,2,2,3,2,4,2,3,2,3,2,3,3,2,2,2,2,2,2,3,2,3,2,2,2,2,2,2,2,2,2,2,2,3,2,2,3,2,1,2,2,2
203,4,4,4,3,3,2,1,4,4,0,4,2,1,4,3,1,2,2,2,3,1,1,1,2,1,1,1,1,4,3,4,1,1,1,2,1,1,3,2,2,3,4,1,3
204,3,3,4,4,2,3,2,1,2,3,3,2,2,2,3,1,2,2,3,2,2,2,2,3,3,2,2,2,3,0,2,2,2,4,3,3,0,3,2,2,1,1,1,2
205,2,2,2,2,2,2,0,0,1,2,2,2,1,0,2,2,2,2,3,3,3,3,2,3,2,2,1,2,3,3,2,4,4,3,2,2,3,4,2,4,1,1,4,4
206,2,3,1,3,3,2,3,1,2,2,2,2,2,2,2,2,2,2,2,2,3,2,2,1,3,2,2,2,2,2,2,3,3,3,3,3,3,2,2,2,1,2,3,3
207,3,2,1,1,2,2,2,2,2,2,3,2,2,2,3,2,2,2,2,3,2,3,3,3,3,2,2,2,2,2,2,3,3,3,3,1,1,1,1,3,3,3,3,2
208,3,3,1,1,3,2,2,1,3,3,3,1,2,3,3,3,3,3,3,3,3,2,2,3,2,2,2,1,2,1,3,2,2,2,2,1,1,3,1,3,2,2,3,2
209,2,1,2,3,3,2,2,3,2,3,2,2,2,3,2,2,3,2,3,2,2,2,3,2,3,1,1,3,2,3,1,3,3,2,2,2,1,2,3,2,2,3,2,2
210,4,1,1,3,3,3,3,3,1,4,1,1,3,4,3,3,3,3,1,3,1,3,1,1,3,3,3,1,4,3,1,3,1,1,1,1,1,1,1,1,3,3,3,3
211,2,3,2,2,2,2,3,1,2,2,2,2,3,3,1,1,3,1,2,2,2,3,1,3,2,2,2,1,3,2,3,3,3,3,2,2,1,3,1,3,3,3,3,3
212,2,3,3,2,3,2,3,1,2,3,3,1,1,3,2,3,2,2,3,2,4,2,1,2,3,1,1,1,2,1,1,3,3,3,2,2,2,2,3,3,3,2,2,3
213,2,2,2,2,3,3,3,2,3,3,3,4,2,3,3,2,3,2,2,2,2,3,3,2,2,2,2,1,2,3,2,2,2,1,2,2,1,2,2,1,2,3,1,2
214,3,2,3,2,2,2,3,2,2,3,2,2,2,4,2,2,2,2,1,2,2,2,3,2,2,2,2,1,2,2,3,3,3,2,3,2,3,2,2,2,0,3,2,3
215,2,3,2,1,3,2,2,3,2,3,3,1,2,3,2,2,3,2,2,3,2,2,3,1,2,1,1,2,1,1,2,4,4,4,3,3,2,3,3,2,1,2,1,2
216,2,2,2,0,2,1,2,3,2,2,3,2,2,4,2,2,2,2,3,2,2,2,3,3,2,2,2,2,2,2,3,2,2,2,2,2,3,2,2,3,3,4,2,2
217,4,2,2,2,2,2,3,3,2,3,4,1,2,3,2,2,3,3,3,2,2,3,3,2,3,1,2,1,2,1,2,3,2,2,2,1,3,1,2,2,2,2,2,2
218,2,1,2,2,2,2,2,4,2,4,3,3,2,2,3,3,3,2,3,2,2,2,3,3,1,2,2,3,2,2,2,2,2,2,3,2,1,2,2,2,2,2,2,1
219,3,2,3,1,2,0,1,2,2,4,3,2,2,3,3,3,3,3,3,1,2,2,2,1,2,2,3,2,2,2,3,4,3,3,2,2,1,3,2,2,2,2,2,2
220,4,4,4,3,3,3,2,4,2,0,0,0,2,3,2,2,1,1,2,2,3,3,1,4,1,2,0,0,2,3,1,3,3,4,0,4,1,2,4,2,4,4,3,1
221,3,3,4,3,2,3,3,4,2,4,4,1,2,4,2,2,2,2,3,2,2,2,0,2,2,0,0,1,2,2,1,3,2,3,1,2,1,2,2,2,3,4,2,3
222,4,2,2,0,3,4,2,2,3,1,4,2,3,4,2,2,2,1,2,2,2,2,2,3,1,1,2,1,2,2,3,2,1,4,2,2,2,2,2,0,2,4,4,4
223,2,2,4,3,3,3,3,3,4,4,4,2,3,3,4,4,4,0,1,3,3,2,3,0,2,2,1,0,2,1,0,2,0,2,0,3,0,2,2,3,2,3,2,3
224,3,2,2,0,2,1,3,3,2,3,3,2,2,3,2,2,3,3,3,2,3,2,1,2,3,3,1,2,2,2,2,2,2,2,2,2,2,2,3,2,2,3,3,3
225,2,2,3,3,3,2,4,3,3,3,3,2,1,2,3,2,2,2,2,3,2,3,1,1,1,1,1,1,1,1,3,3,3,2,1,2,2,3,3,3,3,3,2,3
226,3,1,2,2,3,2,2,2,3,2,3,2,3,3,2,2,2,2,3,2,2,2,3,3,2,2,3,2,2,2,3,1,2,2,2,1,2,2,2,3,3,2,2,3
227,3,2,3,3,2,3,2,3,2,3,3,2,3,2,3,1,2,2,1,3,1,3,4,1,1,1,1,1,2,1,2,3,2,2,3,2,1,2,1,4,4,3,4,2
228,3,2,2,2,2,2,2,2,2,2,3,2,1,3,2,2,2,2,2,3,2,2,3,2,2,2,2,1,3,2,3,3,2,3,2,2,2,3,2,2,2,3,3,3
229,2,2,2,2,3,2,2,2,2,2,3,2,2,2,4,4,4,2,2,2,0,4,4,1,2,0,3,2,2,1,4,2,2,2,2,2,2,2,2,2,4,2,2,2
230,2,2,3,2,2,1,3,2,3,4,3,2,2,3,2,2,2,2,2,3,1,3,3,1,2,1,1,2,1,2,4,2,1,2,3,2,1,3,2,3,3,3,3,3
231,2,2,1,1,2,3,2,2,2,4,3,3,3,2,2,2,2,2,3,2,1,3,2,3,2,1,1,2,2,2,4,2,2,2,2,2,3,1,2,3,3,3,3,3
232,2,4,2,2,3,4,2,1,2,3,4,0,2,3,3,2,3,2,2,2,2,2,3,1,2,2,2,2,2,1,2,2,3,2,3,2,2,2,1,3,3,2,3,2
233,2,4,3,3,4,3,4,0,4,4,2,4,4,4,0,2,1,0,0,3,4,2,2,1,2,3,0,3,3,2,0,3,0,0,4,0,1,2,4,3,1,3,2,4
234,3,2,2,2,3,2,3,3,3,3,3,3,3,3,4,4,4,2,1,2,3,1,1,1,3,1,2,1,1,2,3,2,1,2,2,1,2,2,1,3,2,3,2,3
235,4,2,1,1,2,2,3,4,4,2,2,3,2,3,4,2,2,2,2,2,1,4,2,2,4,1,2,1,3,1,1,1,1,1,1,3,1,2,1,3,3,4,4,4
236,2,2,3,1,2,1,3,4,2,3,4,3,1,4,3,2,3,2,3,2,2,2,2,2,1,0,2,1,2,1,4,3,2,2,2,3,2,3,3,2,1,2,2,4
237,3,3,2,4,3,2,2,2,2,0,4,0,3,3,2,3,3,3,3,2,2,2,3,1,2,0,2,2,3,2,3,3,2,2,3,2,2,2,2,1,3,3,2,2
238,1,3,1,2,3,3,3,4,3,3,3,1,1,3,3,1,1,1,2,3,3,1,1,2,3,1,1,3,1,1,3,3,3,3,3,3,3,3,1,3,3,3,3,1
239,1,1,3,4,3,3,1,4,3,3,3,3,3,4,3,3,3,1,1,3,3,3,1,3,1,1,3,0,1,1,3,1,1,3,1,3,1,1,1,3,3,3,3,3
240,3,2,2,1,3,2,4,3,3,3,3,2,3,3,2,2,2,2,3,3,2,3,2,2,2,1,2,3,2,0,2,3,1,1,2,1,3,1,1,3,3,3,3,3
241,2,2,3,2,3,3,3,2,3,2,2,2,2,3,3,3,3,3,2,3,2,1,2,3,2,2,2,2,2,2,2,2,2,1,2,2,1,2,3,2,2,3,2,3
242,4,2,4,4,3,2,3,2,3,1,4,0,3,1,1,1,1,1,0,1,1,3,1,2,1,1,4,2,4,1,4,3,3,3,3,4,1,3,4,3,0,3,1,4
243,2,2,3,3,3,2,2,1,3,2,3,2,3,3,4,3,4,2,3,2,2,3,0,1,1,2,0,1,2,1,1,4,4,4,2,3,1,2,3,1,2,4,2,2
244,2,1,1,4,3,3,2,4,4,3,3,2,3,4,4,3,3,2,3,2,2,1,2,2,0,1,3,1,2,0,2,3,2,3,3,1,0,1,4,4,1,0,3,3
245,2,2,2,1,2,2,2,2,2,2,2,3,3,3,3,2,2,2,2,3,2,2,2,2,3,2,3,2,2,2,3,2,2,2,2,2,4,3,2,3,2,2,4,1
246,4,1,3,3,3,2,3,2,2,2,3,1,1,3,3,3,3,3,2,1,2,2,1,3,2,3,1,1,1,1,3,2,3,2,3,2,1,3,1,3,3,3,3,3
247,2,3,2,1,3,2,2,3,1,2,3,2,2,3,2,3,2,3,3,2,2,3,3,2,3,1,1,2,3,3,1,1,3,3,1,2,3,1,3,3,3,2,3,2
248,3,2,2,3,3,3,3,2,2,3,2,1,2,2,2,3,3,2,3,3,2,2,2,2,3,2,2,2,2,2,3,2,2,3,2,3,3,2,2,1,1,2,2,2
249,3,2,2,2,2,2,4,2,3,1,2,1,2,2,2,2,2,2,2,3,2,3,3,2,3,2,2,2,2,2,1,3,3,2,2,2,2,1,2,4,3,4,2,3
250,1,1,4,1,4,2,3,4,2,4,4,4,2,4,4,3,3,1,4,3,3,2,4,1,3,1,2,4,2,1,3,2,0,0,3,0,1,2,2,1,0,3,0,2
251,1,3,2,3,2,2,2,3,3,3,3,2,3,3,4,3,3,3,2,3,2,3,3,2,1,3,3,2,2,1,1,2,3,1,2,2,3,2,1,2,1,3,3,0
252,2,2,1,0,2,2,4,4,3,2,4,2,3,4,2,3,3,2,2,3,2,2,3,3,3,2,2,1,2,2,4,2,1,3,2,0,3,2,2,2,1,2,4,1
253,3,3,3,1,3,3,3,3,4,1,3,0,3,4,0,0,0,3,3,2,3,3,3,3,3,1,2,2,3,3,3,1,1,1,3,2,2,3,2,1,3,4,3,1
254,3,2,1,1,2,2,3,3,2,3,3,1,1,3,3,3,1,3,3,1,3,3,1,3,3,1,3,1,1,4,3,2,1,2,3,3,3,3,3,2,2,2,3,2
255,4,1,4,4,1,3,2,3,1,3,3,4,0,2,3,3,3,1,1,2,3,1,4,3,4,1,0,0,0,0,1,3,3,1,4,2,4,2,1,2,3,4,3,4
256,2,3,3,0,3,2,3,2,3,1,3,3,2,3,4,4,4,3,4,2,1,1,3,1,2,0,1,2,1,1,2,2,2,2,2,2,3,2,2,3,4,4,0,4
257,4,3,2,2,3,3,2,4,2,3,2,4,2,4,3,1,3,2,2,3,3,4,1,2,2,1,1,2,2,1,4,2,1,2,1,1,2,2,1,4,2,2,1,3
258,3,3,3,3,2,3,3,3,1,3,3,2,2,3,2,2,2,2,1,2,2,3,3,2,2,2,2,2,2,2,3,2,2,2,3,2,3,3,3,1,1,2,2,2
259,3,3,3,3,3,3,3,2,2,1,3,1,3,3,3,2,3,2,3,3,2,2,3,2,2,2,2,2,2,2,2,2,1,3,2,3,2,2,2,2,2,2,1,2
260,3,3,2,2,3,2,3,2,3,2,3,2,3,3,2,2,2,3,2,4,2,0,2,3,2,2,1,2,2,2,1,2,3,2,2,2,3,3,3,2,2,3,2,2
261,3,3,2,3,2,2,3,1,3,2,3,2,2,3,2,2,3,3,2,2,2,2,1,3,2,1,2,2,3,2,3,3,2,2,2,2,2,3,3,2,2,3,2,2
262,3,2,3,1,3,2,2,2,2,1,2,2,3,2,2,2,2,2,3,3,2,3,2,2,3,2,2,2,2,1,3,3,2,3,3,2,2,2,2,2,3,3,3,3
263,3,2,1,2,3,3,2,3,3,3,3,2,3,2,3,2,1,2,3,1,2,2,3,2,1,0,2,3,3,1,0,2,4,3,3,3,2,2,3,3,1,3,3,3
264,1,2,3,3,1,2,3,3,2,3,3,3,1,3,3,2,2,1,3,3,1,3,3,2,1,1,1,1,1,3,3,3,3,3,3,2,3,1,3,3,3,3,1,3
265,3,2,1,3,3,3,3,3,2,4,4,3,4,3,2,2,2,2,3,3,1,4,1,2,1,0,3,1,1,4,1,3,1,2,2,1,1,1,2,4,1,1,4,4
266,1,2,0,0,2,4,4,4,2,4,4,4,4,0,4,4,4,4,4,4,4,2,2,4,0,2,0,1,0,4,4,0,0,0,2,0,0,0,0,4,4,4,4,2
267,4,4,4,1,2,2,2,1,3,2,2,1,3,2,2,2,1,2,2,4,2,4,3,2,1,0,2,2,2,2,2,4,3,3,3,2,2,2,1,3,3,3,3,2
268,3,1,2,0,3,3,3,4,2,2,4,2,1,1,3,1,2,2,1,2,2,2,3,0,3,0,0,0,0,2,2,4,3,4,4,4,4,3,3,4,2,4,4,3
269,3,2,2,3,4,3,3,4,2,4,3,0,3,4,2,2,3,2,0,0,4,2,0,4,3,0,1,0,2,0,2,4,0,4,0,2,1,4,0,4,4,4,4,4
270,3,2,2,2,3,2,2,2,2,1,3,2,3,2,3,2,2,1,3,3,3,2,3,2,3,1,1,2,2,2,2,3,2,3,3,2,1,3,3,3,2,3,3,3
271,2,3,2,3,2,2,1,3,4,2,1,1,2,3,3,3,3,3,2,3,1,2,0,2,2,2,1,3,3,3,3,3,2,3,3,2,2,3,3,3,3,2,1,2
272,3,2,3,2,2,2,2,3,2,2,3,1,3,3,2,2,2,2,1,3,2,2,2,2,3,1,1,2,2,2,2,3,2,2,2,2,3,2,3,3,3,4,4,3
273,3,3,2,1,3,2,3,2,3,4,3,1,3,4,2,3,3,3,3,3,2,2,3,2,2,2,0,2,3,3,0,1,2,2,3,2,2,3,1,2,3,2,2,2
274,4,2,3,1,2,2,1,3,3,3,3,3,2,2,3,1,3,1,4,1,2,1,1,2,3,0,1,2,2,2,1,2,3,4,3,3,4,4,4,3,1,4,1,2
275,3,3,2,2,3,2,1,3,2,2,4,1,1,3,3,3,3,2,2,2,2,2,1,2,2,2,2,1,3,2,2,3,3,3,2,2,1,2,2,4,2,4,3,3
276,2,2,2,2,2,3,2,2,2,3,2,2,3,3,3,3,2,2,3,3,3,2,3,2,2,2,3,2,3,3,3,2,2,2,2,2,2,2,2,2,2,2,2,2
277,3,3,4,3,3,2,3,3,3,1,3,1,1,3,3,3,3,2,3,3,3,2,3,3,1,1,1,1,2,1,3,1,1,1,2,3,2,3,1,3,3,3,3,2
278,3,2,3,3,2,2,3,3,3,2,2,2,3,3,3,2,2,2,2,3,2,3,1,3,3,2,1,2,3,1,3,2,1,2,1,2,3,2,2,3,3,2,3,2
279,2,3,2,0,1,2,4,4,2,4,4,4,0,4,4,4,4,2,0,1,0,2,4,1,4,0,0,2,1,0,2,3,4,3,4,2,1,1,2,4,3,0,4,4
280,3,3,3,2,2,2,1,2,2,3,3,3,2,2,2,2,2,1,1,3,2,2,2,2,3,1,2,2,3,3,3,3,3,3,3,3,2,3,2,2,2,2,3,2
281,3,2,3,2,1,2,3,1,2,4,3,2,3,3,2,3,2,1,1,2,2,3,1,2,3,2,3,2,2,2,2,3,3,3,3,2,3,2,2,1,2,3,3,3
282,2,3,3,2,3,2,1,2,2,3,3,1,2,4,3,2,2,3,2,3,2,3,3,1,2,1,2,1,2,1,2,3,3,3,2,2,2,2,2,3,3,3,4,2
283,4,2,3,3,3,1,0,1,1,1,1,1,2,2,1,2,2,3,2,3,3,4,2,3,2,1,1,1,3,3,3,3,3,4,3,3,3,2,1,3,4,4,3,2
284,2,2,3,2,2,2,3,1,1,3,3,2,2,3,3,2,2,3,3,2,2,2,3,2,2,2,2,2,2,2,2,2,2,2,3,2,2,3,2,3,3,4,2,3
285,4,2,2,2,3,3,2,2,1,3,3,1,2,3,2,2,2,2,2,2,2,3,2,1,2,1,1,1,2,1,3,2,2,3,3,3,2,2,3,3,4,4,3,4
286,3,3,1,3,2,2,2,2,2,2,3,1,2,2,4,3,2,2,2,3,3,3,4,1,3,2,2,1,2,2,3,2,2,2,2,2,1,2,2,3,3,4,2,3
287,2,4,1,1,2,2,3,3,4,2,2,2,3,3,3,2,3,4,4,3,2,2,3,3,4,1,3,2,1,2,2,2,1,2,2,2,4,3,1,0,1,2,2,2
288,3,2,2,1,2,3,3,1,3,2,2,2,3,3,3,3,3,2,1,3,3,3,3,3,2,2,2,2,2,2,1,2,3,3,2,2,1,2,2,1,3,3,3,3
289,3,3,2,3,3,2,3,2,3,3,2,1,2,4,3,3,2,2,2,2,2,2,2,3,2,2,2,2,3,3,3,1,1,2,2,3,3,2,3,1,2,2,4,1
290,0,2,1,0,3,2,4,3,3,3,3,1,2,4,4,3,3,4,4,4,2,2,3,4,2,2,2,2,2,2,2,2,0,1,1,0,3,0,1,4,3,3,4,3
291,3,2,1,2,2,2,3,3,3,3,3,1,2,3,3,3,2,3,2,2,3,2,2,3,2,1,2,1,2,1,2,3,3,3,3,2,1,2,2,3,3,3,2,4
292,3,2,1,3,4,2,3,3,3,3,3,2,3,3,3,2,2,1,1,2,1,3,1,2,3,3,2,2,2,2,3,2,3,1,2,2,3,1,3,2,3,2,3,3
293,3,2,2,3,2,2,2,2,2,2,2,1,2,3,3,3,4,2,3,2,3,2,3,2,2,2,2,2,2,1,2,3,3,3,2,2,3,2,2,3,2,2,3,3
294,2,2,2,2,2,2,2,2,2,3,3,2,3,3,2,2,3,2,2,2,2,3,3,3,2,1,2,2,2,2,3,4,3,3,2,2,2,2,2,2,3,3,2,3
295,3,2,3,4,3,2,2,1,2,2,3,2,3,3,3,3,3,2,1,2,2,2,1,2,2,1,2,1,2,1,3,3,3,2,3,2,4,2,1,3,3,3,3,3
296,4,2,3,2,3,3,3,3,3,3,3,1,2,2,3,3,3,1,1,2,1,3,3,3,3,1,2,2,2,2,1,3,3,2,2,2,1,2,2,3,1,3,3,3
297,3,2,2,2,3,2,3,2,2,2,3,2,2,3,2,3,2,2,2,2,2,3,2,2,2,1,1,2,3,2,3,3,3,2,2,2,2,2,2,3,3,3,3,4
298,0,1,1,2,2,3,4,4,3,4,3,2,4,4,2,4,3,3,3,3,2,3,4,2,4,2,2,2,3,4,1,0,0,1,3,3,1,3,1,1,2,2,0,2
299,2,3,3,2,2,2,2,2,3,1,1,2,1,3,3,3,3,3,3,3,2,2,2,3,2,1,2,1,3,1,3,3,3,3,3,2,2,3,3,2,2,3,3,2
300,2,2,2,4,3,2,3,3,1,1,3,3,3,3,4,3,1,4,4,1,1,3,3,3,2,3,1,4,2,4,4,1,1,3,0,1,2,4,4,0,0,1,1,3
301,3,1,3,3,3,1,2,3,3,2,4,4,3,4,1,2,4,4,4,3,0,3,2,3,1,0,2,1,3,2,4,2,1,4,1,3,0,1,2,3,1,3,3,1
302,2,4,1,3,2,3,2,2,1,2,2,3,2,3,3,2,2,2,1,3,2,2,4,2,2,2,2,2,2,1,1,3,4,4,3,2,4,1,2,3,2,3,2,3
303,2,0,4,2,3,1,2,2,3,2,3,3,2,3,4,4,2,4,3,4,2,2,2,2,2,4,2,2,2,3,4,0,2,0,0,4,3,4,2,2,1,2,1,2
304,2,2,0,4,2,1,2,2,2,2,3,2,2,3,3,2,3,3,3,3,3,2,2,3,3,3,2,2,2,2,2,3,3,1,3,2,2,1,4,2,3,3,3,2
305,3,2,3,3,2,2,3,3,3,2,2,1,2,3,3,3,3,3,3,2,3,1,2,2,2,2,2,1,2,2,2,2,2,3,3,2,2,2,2,3,3,3,3,2
306,4,3,2,1,3,2,2,2,3,3,3,2,3,3,1,2,2,1,3,2,3,2,3,2,2,2,2,2,2,2,2,3,2,3,3,2,3,2,3,3,2,2,3,2
307,2,2,1,3,2,3,1,4,3,2,3,2,2,2,3,2,4,2,2,3,3,2,3,3,2,2,2,2,2,2,2,2,3,2,3,2,1,2,3,3,3,3,2,2
308,3,2,3,2,2,1,3,2,2,2,2,3,2,2,3,2,2,2,2,3,2,2,3,3,2,2,2,2,2,2,2,3,2,2,2,2,3,3,2,3,3,4,3,3
309,2,2,2,3,2,2,3,2,2,1,2,3,1,3,3,2,3,2,2,2,3,3,3,3,2,2,2,2,3,3,2,3,3,3,3,3,3,3,2,1,1,1,3,3
310,4,2,3,2,3,3,2,3,2,4,4,3,2,4,2,2,2,2,2,3,2,2,2,2,2,2,2,2,2,2,3,2,2,2,1,2,1,2,2,2,2,3,3,3
311,3,2,2,2,3,3,3,3,2,2,3,2,3,3,3,2,2,2,3,2,2,3,2,2,2,3,2,2,2,2,3,3,3,2,3,3,3,2,1,2,1,2,2,2
312,3,2,2,2,3,2,2,3,2,2,2,2,4,2,3,3,3,4,2,2,2,2,2,2,2,2,2,1,3,2,2,2,2,3,3,2,2,2,2,3,3,2,3,3
313,2,2,2,2,1,1,3,3,2,1,4,2,4,2,2,0,4,2,2,3,3,1,4,2,2,2,2,2,2,1,2,3,1,3,4,2,3,4,3,2,3,3,4,2
314,0,2,3,3,1,4,3,4,1,2,2,0,3,2,3,3,3,3,3,3,1,3,2,3,3,1,1,2,3,2,1,4,4,3,3,4,1,2,3,1,1,2,2,4
315,1,4,2,2,3,3,2,3,3,3,3,2,2,3,2,2,3,2,2,2,3,1,3,2,3,3,2,2,3,2,2,3,2,3,3,2,2,2,1,3,1,2,3,3
316,3,3,4,2,3,2,2,3,2,1,1,1,2,2,1,1,1,1,4,3,3,3,2,2,2,2,2,1,2,1,3,3,3,3,3,2,4,4,2,3,4,4,2,3
317,2,3,2,2,3,3,1,1,1,2,2,1,3,2,2,2,2,2,3,3,2,2,3,3,2,3,2,3,2,2,4,3,3,3,3,3,3,1,2,3,2,3,3,3
318,3,2,3,3,3,2,3,2,3,3,3,3,3,3,2,3,3,3,2,2,2,3,2,3,2,2,2,2,3,1,3,3,2,1,0,1,2,3,1,3,2,3,2,3
319,4,2,0,2,4,0,2,1,4,4,4,3,4,4,4,4,4,2,2,4,4,4,3,0,4,2,2,0,0,2,4,2,0,4,4,2,1,3,0,0,0,2,2,2
320,3,3,2,1,4,2,3,3,3,3,3,2,3,3,2,2,2,2,2,3,2,2,3,2,3,1,1,1,3,0,1,3,3,4,2,2,4,3,2,3,1,3,3,2
321,4,3,3,2,3,3,2,0,2,3,3,4,1,4,2,2,2,1,3,3,2,2,4,3,2,1,1,1,2,3,1,3,2,3,3,2,2,2,2,3,2,3,3,3
322,4,4,1,1,3,3,0,4,1,0,4,2,1,4,3,3,3,3,3,0,2,4,3,0,2,1,2,2,1,1,3,3,4,3,3,2,4,4,1,3,2,3,3,2
323,4,3,3,3,3,3,3,1,4,3,2,1,3,4,1,1,2,2,3,2,2,3,3,1,3,2,2,2,3,3,3,2,2,3,3,4,0,2,3,3,1,0,2,2
324,3,2,2,2,3,3,2,2,3,4,3,2,4,3,3,2,2,3,2,3,2,2,3,1,3,1,3,2,3,1,3,3,3,3,1,1,2,2,2,3,1,2,3,2
325,3,3,3,3,3,3,2,3,3,2,2,2,2,3,2,2,3,2,3,2,2,3,2,2,2,2,2,2,2,2,2,2,3,2,3,3,4,2,2,3,1,2,2,2
326,3,2,2,2,3,3,2,2,3,2,3,2,3,2,2,3,3,3,3,3,2,3,2,3,2,2,2,1,2,3,2,2,2,3,2,2,3,2,2,3,3,2,2,2
327,4,3,3,2,3,2,3,1,3,3,3,1,1,3,3,3,2,3,2,0,1,3,2,3,3,2,2,1,2,3,3,1,4,3,4,1,1,1,3,3,2,2,3,4
328,4,1,3,0,3,2,2,4,2,2,2,1,2,4,3,2,3,3,2,2,1,1,4,1,3,1,2,2,2,0,3,4,4,3,3,4,2,3,4,3,0,3,3,2
329,3,3,2,3,3,3,2,2,2,2,2,2,2,3,3,3,2,3,3,2,2,3,3,3,3,2,2,2,2,2,3,2,2,3,2,3,2,2,3,2,1,2,1,3
330,4,3,3,3,2,2,0,4,0,0,4,4,0,4,2,2,3,2,4,4,1,2,0,2,1,0,2,0,0,0,2,4,4,3,4,2,4,2,3,4,3,4,4,4
331,3,2,2,2,3,2,3,4,4,2,3,1,3,3,2,2,2,2,3,2,2,2,2,1,2,2,2,2,2,2,3,1,2,2,3,2,3,3,2,2,4,4,3,3
332,0,2,3,3,3,2,3,3,3,1,3,1,2,3,3,3,1,3,3,4,3,3,3,3,1,2,2,3,2,2,4,2,1,3,1,1,1,3,3,3,3,3,2,3
333,3,1,2,1,3,2,2,2,2,3,3,2,2,3,4,4,3,4,3,4,2,2,3,2,2,2,3,1,2,2,2,3,1,3,2,2,2,3,3,3,1,2,2,3
334,3,3,2,1,3,3,2,2,3,3,3,1,3,3,3,3,2,2,3,3,3,2,3,3,3,2,2,2,2,3,2,3,2,2,2,2,2,2,2,3,2,2,2,2
335,3,2,3,1,3,3,1,1,3,0,3,2,3,3,3,3,3,3,3,3,3,3,3,2,3,2,3,2,1,2,2,3,3,3,3,3,2,2,2,3,1,2,1,3
336,4,3,4,1,2,2,3,1,4,4,4,0,3,3,2,1,2,3,2,4,1,3,4,3,3,0,3,1,1,0,1,3,1,4,3,2,1,2,1,4,4,4,4,1
337,4,2,4,3,3,2,3,3,2,2,2,1,1,2,3,2,2,3,3,3,3,2,3,4,2,1,2,1,2,2,3,3,2,2,3,2,2,3,3,2,3,2,1,3
338,3,2,3,3,2,2,2,3,3,2,2,4,3,3,4,3,4,4,3,3,3,2,2,3,2,1,2,1,3,3,2,1,1,2,3,1,0,1,2,4,1,1,4,3
339,2,2,1,3,3,2,2,3,3,2,4,2,2,4,2,1,3,2,3,2,2,3,3,4,1,2,1,1,2,2,2,4,4,3,3,2,4,3,2,3,1,2,2,2
340,1,3,2,3,3,3,2,3,2,3,2,2,2,3,3,2,4,1,1,3,2,1,3,1,2,1,2,2,2,2,2,3,3,3,4,3,3,2,1,3,3,3,4,3
341,2,3,1,2,2,3,2,3,2,2,2,1,2,3,3,3,3,3,3,2,2,2,2,3,2,1,3,2,2,2,2,2,3,3,3,2,4,3,3,2,3,2,3,3
342,2,2,2,2,3,3,2,3,3,3,3,2,2,3,3,2,2,3,2,3,2,3,2,3,3,2,2,2,3,2,2,3,3,3,3,2,1,2,2,2,2,2,3,2
343,3,2,3,2,2,2,3,2,2,3,2,3,3,3,2,2,2,2,2,3,2,3,2,2,2,2,2,2,2,2,3,3,2,2,3,2,3,3,2,3,2,3,3,3
344,2,3,4,1,3,3,2,3,4,3,4,2,3,3,4,4,3,2,1,2,1,3,3,3,1,1,2,1,3,3,1,4,3,3,2,2,3,3,2,2,1,1,2,0
345,3,3,1,2,3,3,2,1,3,1,3,1,2,2,4,3,3,3,2,3,2,2,3,3,3,1,3,1,2,1,3,3,3,3,3,2,2,3,3,2,2,3,3,3
346,4,2,3,0,3,3,2,1,0,3,3,0,4,4,4,4,4,4,4,0,4,0,4,4,4,1,0,2,2,0,2,1,1,4,0,4,0,1,4,4,4,4,4,1
347,4,2,2,3,2,3,2,2,1,2,3,2,3,3,3,2,3,2,3,3,3,2,2,3,2,2,2,3,2,0,2,3,3,3,2,2,2,2,3,3,2,3,3,3
348,3,3,2,1,3,2,3,3,2,1,3,2,3,3,3,3,3,3,2,3,2,2,3,4,2,2,2,3,3,3,2,1,1,2,2,2,1,1,3,3,3,3,3,3
349,2,3,1,3,3,3,2,3,3,3,3,2,2,3,4,4,4,1,2,2,2,3,4,3,1,1,2,1,2,1,2,3,2,3,2,3,2,2,3,1,2,3,3,3
350,3,2,2,2,2,3,2,2,2,3,2,1,2,3,3,2,3,3,2,3,1,2,4,1,2,1,2,3,1,1,2,4,3,4,2,2,3,3,3,3,4,4,3,2
351,3,2,3,2,3,3,4,2,3,3,3,2,4,3,2,2,3,2,2,3,2,2,2,2,2,3,2,2,2,2,2,3,3,2,2,2,3,2,2,2,2,3,2,2
352,3,1,1,0,2,2,2,3,3,3,3,2,1,4,3,1,2,4,4,4,2,3,3,4,2,1,2,0,1,1,3,4,3,3,3,3,3,4,2,3,2,3,1,3
353,4,4,4,3,2,3,1,1,2,3,3,2,2,3,3,2,2,2,3,3,1,3,4,2,1,1,1,2,2,1,2,4,3,3,3,3,2,3,2,2,2,3,2,3
354,4,3,2,2,3,3,2,4,2,2,3,2,3,4,3,2,3,1,1,1,3,4,4,4,3,2,1,2,2,1,2,3,3,3,3,3,2,2,3,1,2,2,1,1
355,3,2,3,2,2,3,1,2,2,2,3,3,2,3,3,2,3,2,2,3,2,2,3,3,1,1,3,1,2,1,1,4,4,3,4,3,1,3,3,2,3,3,3,3
356,3,2,2,2,2,3,3,3,3,3,3,2,2,3,3,2,3,2,2,3,2,3,3,3,2,2,2,2,2,2,3,3,3,2,2,2,1,2,1,2,3,3,3,3
357,4,2,3,3,4,2,3,2,2,3,3,1,2,4,3,3,1,3,4,3,3,2,1,3,3,1,1,1,1,3,3,3,3,2,1,1,2,3,4,3,3,3,3,0
358,2,2,2,2,2,2,4,2,3,4,2,2,3,3,3,3,2,2,3,4,2,2,3,3,3,2,2,2,2,3,2,2,1,3,2,2,1,1,2,3,2,3,4,4
359,2,2,4,2,2,4,2,3,2,3,4,3,2,3,2,2,3,2,2,3,2,3,2,1,2,1,2,1,4,0,2,3,2,3,2,2,2,2,2,4,3,4,4,3
360,3,4,4,3,4,3,4,4,4,3,4,0,0,3,4,4,4,4,4,4,4,0,4,4,4,0,0,0,0,0,4,1,2,1,4,1,4,0,0,1,1,1,1,4
361,2,2,2,1,3,2,2,3,3,3,4,3,2,4,3,2,2,2,2,3,2,2,4,2,2,2,0,0,3,0,3,3,0,4,3,3,1,2,3,4,4,4,4,3
362,3,3,3,2,3,2,2,1,3,3,3,4,2,3,3,2,3,3,3,4,3,3,4,1,2,2,1,2,1,2,2,2,2,2,2,1,3,2,2,3,3,3,3,2
363,2,4,2,0,3,3,2,1,3,3,4,1,2,3,3,3,3,1,2,3,3,3,3,2,1,0,2,3,1,0,3,3,4,4,4,3,3,3,2,2,2,3,3,3
364,4,2,3,3,2,2,2,3,3,1,4,4,3,4,3,2,3,2,3,2,3,2,3,3,1,2,2,2,2,2,2,2,1,2,2,3,1,3,3,2,3,3,1,3
365,3,2,3,2,3,3,3,2,2,1,2,2,2,2,2,2,2,4,3,2,2,3,2,2,2,3,2,1,3,3,4,3,2,3,3,2,2,2,2,3,3,3,3,3
366,2,3,3,1,3,2,3,3,3,3,4,1,2,4,3,3,3,3,2,4,1,2,4,4,1,1,2,2,1,0,1,2,4,2,3,3,2,3,3,2,3,2,1,4
367,3,2,2,2,2,2,2,2,2,2,2,2,2,2,3,3,3,3,2,3,3,1,3,2,3,2,3,2,3,4,3,3,2,3,3,3,2,2,3,3,2,2,2,3
368,4,4,0,1,3,3,4,3,3,3,4,0,1,3,3,2,2,1,1,2,3,1,2,2,3,3,2,1,3,1,3,3,3,2,3,3,1,1,3,4,4,4,2,4
369,4,2,4,4,2,2,2,2,4,2,4,0,4,0,4,2,4,4,0,3,2,4,2,2,4,3,2,3,1,2,2,2,2,2,2,2,0,2,0,4,4,2,4,2
370,3,2,3,3,2,2,2,4,2,3,3,2,2,3,4,3,3,3,3,3,2,3,3,2,2,1,2,2,2,2,2,2,3,2,3,2,1,1,3,1,3,3,3,3
371,3,2,2,1,2,1,2,2,2,3,3,2,2,3,3,3,2,2,3,4,2,3,3,3,2,2,2,1,3,2,2,3,3,2,3,2,4,3,3,3,3,3,1,3
372,4,3,0,1,0,1,3,1,1,3,4,3,0,4,1,3,0,2,4,4,2,2,4,3,1,0,1,0,4,2,4,2,4,4,4,3,0,2,4,4,4,4,4,4
373,3,2,2,2,3,3,2,3,3,1,3,2,3,3,3,2,3,2,3,3,3,2,3,1,3,2,3,2,3,2,2,3,3,1,2,3,2,4,3,2,1,2,3,2
374,4,3,4,4,4,4,2,0,3,3,1,1,1,4,4,2,0,4,4,2,4,0,2,4,4,0,3,1,1,2,4,0,0,3,4,1,0,4,1,4,4,4,4,0
375,4,4,4,3,2,3,1,3,3,2,1,1,2,2,3,3,3,2,1,4,4,4,3,0,3,1,2,0,0,2,3,3,3,3,2,2,3,3,3,2,2,3,3,3
376,3,3,1,3,3,3,2,3,3,3,4,4,3,3,2,2,2,2,2,4,2,2,2,3,3,2,1,1,3,3,3,4,3,0,2,1,4,1,2,1,4,1,3,3
377,3,2,3,3,2,2,1,3,2,3,3,3,3,3,3,3,3,3,2,4,3,3,4,3,2,2,1,1,2,2,3,1,1,3,3,1,0,4,1,2,4,4,2,3
378,3,2,3,2,1,3,3,4,1,3,3,4,3,3,2,3,3,3,3,3,2,3,3,1,2,1,1,1,1,1,1,3,3,3,4,2,2,3,2,3,3,4,3,2
379,3,2,2,2,3,2,2,3,4,3,3,4,3,2,3,2,3,4,3,3,3,2,3,2,2,1,2,1,1,2,2,2,3,3,2,3,1,2,3,3,2,3,2,3
380,4,3,2,2,3,4,3,0,2,3,3,2,3,3,3,2,3,2,2,3,3,3,2,3,2,2,2,2,2,2,3,2,2,3,2,3,2,2,3,3,1,3,3,2
381,3,2,2,2,3,2,3,3,2,3,3,2,2,3,3,3,3,2,2,2,2,3,3,3,3,2,2,3,3,2,3,3,3,3,3,3,2,2,3,2,1,1,2,2
382,3,2,3,2,3,3,1,2,2,3,3,1,2,3,3,3,3,3,1,1,1,2,1,3,2,1,2,3,2,1,1,3,3,3,4,3,4,4,1,3,4,3,4,4
383,2,4,1,2,2,4,3,2,3,3,2,3,1,4,3,2,3,2,1,3,3,3,3,2,2,3,2,1,2,2,3,3,4,3,2,2,2,1,2,3,2,4,3,2
384,3,2,2,3,3,3,2,2,3,3,3,2,2,3,3,3,2,2,2,3,3,2,2,3,3,2,2,3,3,2,3,2,2,3,1,3,2,3,3,3,1,1,3,3
385,2,2,1,3,2,2,2,3,2,2,2,2,2,3,3,3,3,3,3,2,3,3,2,3,3,2,2,2,2,2,2,3,4,3,3,3,3,3,3,2,2,2,3,2
386,3,2,3,3,3,2,4,3,3,3,3,1,2,3,3,3,3,3,1,3,2,2,3,1,2,2,3,1,2,3,3,4,2,1,2,2,3,3,3,1,1,4,3,2
387,3,3,4,3,3,3,4,2,3,3,3,1,1,2,2,2,2,2,1,3,2,4,3,2,2,1,1,1,3,1,3,3,3,4,3,3,1,3,1,4,1,3,4,3
388,2,4,3,4,2,4,2,3,3,4,2,3,3,3,2,3,2,2,2,3,3,3,2,2,3,3,4,2,2,4,3,1,0,1,0,4,3,3,3,1,2,2,0,2
389,3,2,3,3,2,3,3,3,3,2,0,2,2,4,3,3,3,1,3,0,3,1,4,3,1,3,2,3,4,3,4,0,1,4,0,2,0,0,4,4,4,4,4,4
390,2,3,2,2,2,3,3,3,2,3,2,3,2,3,0,2,3,4,2,3,2,3,2,1,3,2,2,2,2,0,4,3,2,3,4,1,3,2,0,4,4,4,4,4
391,2,3,1,1,2,4,2,2,2,3,3,2,3,3,3,3,2,2,3,2,3,2,2,3,2,3,2,2,2,2,3,2,3,4,4,3,2,2,2,2,3,3,4,2
392,2,2,2,2,2,3,2,3,2,2,4,3,1,4,4,3,4,4,3,3,3,2,1,4,1,1,2,1,2,2,2,3,3,3,3,2,2,2,3,3,2,3,2,3
393,2,1,3,3,3,2,3,2,2,2,3,2,2,1,3,2,3,3,3,3,2,1,2,2,2,2,3,1,2,3,0,3,4,3,3,3,2,2,3,4,3,4,4,4
394,4,2,3,3,3,2,1,3,3,4,3,3,0,4,3,3,2,3,4,4,3,3,2,3,1,1,2,1,3,2,3,3,2,2,2,2,2,3,1,3,2,2,2,3
395,4,3,2,3,3,3,1,2,1,3,4,0,1,3,3,3,3,2,2,3,2,2,2,2,4,2,2,1,2,1,3,3,3,3,2,3,3,3,3,3,3,3,3,3
396,3,2,3,3,3,3,3,3,3,3,3,3,3,3,4,3,4,2,0,3,3,2,3,1,2,1,2,2,1,2,1,2,4,2,3,2,2,3,1,3,2,4,3,2
397,2,2,3,2,3,3,1,3,1,3,2,2,3,3,1,2,3,3,1,1,2,4,1,3,3,1,2,3,3,2,2,4,3,3,3,4,3,3,2,3,3,3,3,3
398,1,2,2,1,3,3,2,3,3,3,4,4,3,3,3,3,3,2,2,3,2,2,1,4,2,2,2,3,2,3,2,3,2,3,3,3,3,2,3,1,1,2,3,3
399,2,4,2,4,2,2,2,4,2,4,4,0,3,2,2,2,2,0,4,4,2,4,0,4,2,2,2,2,4,0,2,4,4,4,0,2,4,0,0,4,1,4,4,4
400,4,4,2,1,2,2,4,2,4,3,3,2,3,3,3,2,3,2,3,2,2,3,3,3,2,2,2,2,2,2,2,3,3,2,2,1,3,2,2,3,2,2,3,3
401,3,2,2,3,2,3,1,4,3,3,4,4,4,4,2,2,2,2,2,2,2,2,2,2,2,2,3,3,3,2,3,2,1,3,1,0,3,3,3,4,3,0,3,4
402,4,2,3,2,3,3,2,3,2,2,2,2,3,3,3,4,3,3,4,2,3,2,2,3,2,1,2,1,2,2,3,2,1,3,2,2,2,3,3,3,2,3,3,3
403,3,2,3,1,2,3,1,3,2,4,3,3,2,3,3,2,3,1,3,2,1,3,3,3,3,1,2,1,1,2,4,3,3,4,3,3,2,3,3,3,3,1,4,2
404,2,3,1,4,3,3,2,2,2,3,2,2,2,3,3,3,3,2,3,3,2,2,2,2,3,2,3,3,2,3,2,3,3,2,3,2,2,2,2,3,3,3,3,2
405,3,3,3,2,3,2,2,2,2,3,4,2,2,3,2,2,3,2,2,2,4,4,3,2,3,1,2,2,2,2,3,3,2,3,2,2,3,4,3,2,2,2,2,3
406,3,3,4,4,2,4,3,3,2,3,3,3,2,2,3,3,3,2,2,3,2,2,3,3,3,2,2,2,3,2,2,2,1,1,1,2,2,2,2,3,2,3,4,2
407,4,2,3,2,3,3,3,3,2,3,3,3,3,3,3,3,2,2,3,3,2,3,2,2,2,1,2,1,2,2,2,3,3,2,2,2,1,3,2,3,3,3,3,3
408,2,2,3,3,3,3,2,3,2,4,4,2,4,4,2,2,2,3,4,3,4,2,2,3,3,2,2,2,2,2,2,2,2,2,2,2,2,2,4,2,1,2,2,2
409,2,2,3,2,2,3,1,3,2,4,4,4,2,4,3,3,3,2,3,3,3,3,2,3,3,3,1,2,1,3,1,1,3,2,2,2,1,2,2,3,3,3,3,3
410,4,3,2,2,4,2,3,2,4,3,4,4,2,4,3,3,3,2,4,4,2,2,0,4,3,0,1,1,2,1,1,2,3,2,4,1,1,1,1,4,3,3,4,3
411,2,2,4,2,4,3,2,1,1,1,2,3,0,3,4,4,4,1,3,2,4,4,4,3,4,1,1,2,3,1,2,3,3,3,0,2,3,3,2,3,4,4,2,2
412,4,2,2,2,3,3,3,3,3,3,3,2,3,3,3,3,3,3,2,3,3,0,3,2,3,1,2,2,3,1,4,3,2,3,2,2,0,2,2,3,3,3,3,3
413,3,2,3,0,4,3,3,3,4,3,4,4,4,4,4,4,4,4,4,4,4,3,4,4,2,1,1,0,0,4,2,1,1,1,1,1,1,1,0,2,3,3,3,0
414,4,3,1,3,3,4,1,0,0,3,2,3,4,3,2,2,2,4,4,4,4,3,3,4,2,0,2,2,0,2,1,3,3,3,3,2,2,2,3,3,2,3,3,4
415,2,2,3,2,3,2,3,4,3,3,3,3,2,4,3,3,3,1,2,3,1,3,1,3,3,1,2,2,3,3,4,3,3,3,3,3,1,3,3,1,3,1,1,3
416,2,2,3,1,2,2,3,3,2,3,4,3,2,2,3,3,3,2,2,3,2,3,2,3,2,1,2,2,2,3,3,3,3,2,3,3,3,3,3,3,3,3,3,1
417,2,2,3,3,3,3,3,2,3,3,4,4,3,3,3,3,3,3,3,3,2,2,3,2,2,2,3,3,2,3,2,3,2,2,3,2,2,3,2,1,2,1,1,2
418,3,3,3,2,3,3,4,2,2,3,3,2,3,2,2,3,3,2,2,3,4,3,2,2,3,2,2,2,3,2,3,4,3,3,2,3,3,3,3,2,0,1,2,1
419,2,2,3,2,3,3,2,3,4,3,3,4,3,3,3,3,3,3,3,3,3,3,4,2,3,2,2,2,2,1,1,2,2,2,3,1,1,2,3,2,3,3,2,2
420,3,1,0,4,2,3,2,2,3,3,3,1,2,3,2,3,2,2,2,3,3,2,2,2,4,2,4,1,2,2,4,4,4,3,3,2,2,2,4,3,0,3,4,4
421,4,2,4,4,2,2,3,4,3,3,3,2,3,4,3,2,3,1,2,2,2,1,1,2,3,1,3,2,3,1,2,2,3,3,3,2,2,4,2,1,4,4,3,2
422,3,2,3,2,2,3,2,2,2,3,3,2,2,2,2,2,2,2,2,3,2,3,3,2,2,2,2,2,2,2,2,3,4,3,3,2,4,3,2,4,3,3,4,4
423,3,2,4,2,3,3,2,2,2,2,3,1,2,3,3,3,2,2,2,4,2,3,3,1,2,1,1,1,1,2,4,4,3,3,4,2,3,3,2,3,3,4,4,3
424,4,2,1,3,3,2,3,2,3,3,2,2,3,4,3,3,3,2,3,2,3,2,3,3,3,1,2,2,2,2,2,3,3,3,3,3,2,3,3,2,2,2,2,3
425,4,2,3,3,3,3,3,3,2,2,2,2,2,4,3,2,2,2,2,2,2,2,2,3,2,2,3,2,2,3,2,3,2,4,4,3,3,2,3,2,2,3,3,2
426,3,2,3,1,3,1,1,3,3,3,3,3,3,3,3,3,3,3,3,3,3,2,3,3,3,2,3,1,3,2,3,3,1,2,2,2,2,3,3,3,2,3,2,3
427,2,4,4,1,4,0,3,4,4,2,4,2,4,2,4,2,2,2,4,3,1,2,2,2,4,2,2,2,3,1,2,2,4,2,1,0,4,3,3,4,2,3,2,2
428,4,4,2,1,3,3,3,4,3,3,3,2,4,4,4,4,4,2,0,2,2,3,2,1,4,1,2,2,2,1,1,4,3,4,2,3,1,3,2,2,1,2,2,3
429,4,2,2,4,4,2,2,4,2,2,4,2,3,4,4,4,4,4,2,3,4,2,0,2,4,1,2,1,2,1,4,2,1,3,2,3,0,2,1,3,2,4,2,2
430,2,2,0,4,2,3,1,1,1,3,2,1,1,3,2,3,2,3,4,3,3,3,2,3,1,1,3,2,2,3,2,4,3,4,3,3,3,4,1,4,4,4,4,3
431,0,2,4,4,2,1,4,4,4,2,1,2,3,4,4,4,4,3,4,4,0,4,2,2,4,0,4,4,0,4,0,3,4,3,2,0,4,0,1,0,4,0,3,4
432,3,3,1,4,2,2,2,2,2,3,2,2,2,3,4,3,4,3,2,4,3,3,4,2,3,3,3,3,3,3,3,2,2,2,2,2,3,3,2,1,2,1,3,1
433,2,3,3,3,2,3,2,4,3,4,4,3,1,3,4,4,4,3,3,2,2,4,2,3,3,0,2,1,2,1,4,4,3,2,2,1,1,3,1,2,2,4,2,1
434,4,2,2,2,3,1,3,4,2,3,4,3,3,2,2,2,2,3,4,3,4,2,3,3,3,3,3,2,1,4,1,2,1,4,0,2,4,3,3,2,1,2,4,2
435,3,2,1,2,3,3,3,4,4,4,4,4,4,4,3,3,3,3,4,3,3,4,3,4,4,3,3,1,4,3,2,0,0,0,0,0,0,2,0,4,3,4,1,1
436,1,2,4,2,2,1,3,3,2,2,2,3,2,3,4,4,4,4,3,3,4,4,3,2,4,1,2,2,2,2,2,1,3,1,4,2,2,1,1,4,2,4,4,2
437,3,3,3,2,2,3,2,4,3,4,3,1,3,4,3,4,3,3,3,3,4,3,4,4,2,3,2,2,2,3,2,1,0,2,1,3,3,4,2,0,2,2,3,0
438,3,3,2,2,3,3,2,3,3,3,3,4,3,4,3,3,2,3,3,3,0,3,3,3,3,3,3,3,3,3,4,0,1,4,3,3,2,2,0,2,2,2,2,1
439,4,4,1,2,4,3,3,4,4,3,4,2,4,4,3,3,3,2,2,4,3,4,4,2,3,1,2,2,2,1,1,2,3,2,2,2,3,4,2,1,0,1,1,2
440,3,3,2,1,3,3,3,3,3,3,2,2,3,3,3,3,3,2,3,3,2,3,2,2,3,2,2,2,2,2,3,2,3,3,2,2,2,2,2,3,3,4,3,3
441,3,3,3,3,3,3,3,2,2,3,3,1,3,3,3,3,3,2,3,3,2,2,3,3,3,3,2,2,2,3,2,3,3,2,3,2,2,2,2,3,3,3,1,2
442,2,2,3,1,2,2,3,3,3,3,3,3,3,3,2,3,3,3,3,3,3,3,3,2,3,2,2,3,2,3,3,3,3,3,3,2,3,3,2,3,1,1,2,2
443,2,2,3,2,3,3,2,4,2,1,4,3,2,3,3,2,2,2,3,3,3,3,3,2,2,3,2,2,2,2,3,3,4,3,3,2,2,3,2,3,2,3,2,3
444,3,2,2,2,2,2,2,3,3,3,3,3,3,3,3,3,3,2,2,3,2,3,2,3,2,2,2,2,2,2,3,3,2,3,3,3,3,3,3,2,2,3,3,3
445,3,4,0,2,3,3,3,3,3,2,3,3,2,4,3,3,3,1,4,3,4,3,4,2,2,2,2,2,2,1,2,2,3,2,3,2,1,2,3,3,4,3,3,1
446,2,1,3,3,3,2,2,3,2,3,3,2,2,4,3,3,3,3,3,3,2,2,1,4,3,1,3,2,2,4,3,3,2,3,3,2,3,1,3,2,3,3,3,2
447,3,2,3,3,3,3,3,3,3,3,3,2,3,3,3,3,3,3,2,3,3,2,1,3,2,2,2,1,3,2,3,2,2,3,3,2,1,3,3,3,2,3,2,3
448,3,3,4,4,2,3,2,1,2,3,3,3,2,3,3,2,2,2,2,3,3,4,3,2,3,2,2,2,2,2,2,3,3,3,3,2,2,2,2,2,3,3,3,3
449,3,3,3,0,3,3,3,2,3,2,3,4,2,2,3,4,3,3,3,3,3,4,3,2,3,2,3,2,2,2,3,2,2,2,2,3,1,2,2,2,3,2,3,3
450,3,3,3,3,3,3,2,1,2,2,3,1,2,3,2,2,2,3,3,2,3,3,3,2,3,2,3,2,3,3,2,3,3,3,3,2,3,3,2,3,3,3,3,2
451,4,4,4,3,4,4,4,4,2,2,3,1,2,4,1,2,4,2,1,4,1,2,4,2,2,0,4,0,4,0,4,4,2,3,0,1,0,1,2,3,4,4,4,4
452,4,3,2,4,3,3,2,2,3,4,4,3,2,3,2,3,3,3,2,2,3,2,3,2,2,2,2,2,2,3,2,3,2,3,3,1,2,2,3,3,2,3,4,1
453,4,1,3,3,3,3,1,0,1,3,3,4,2,3,3,2,3,2,4,2,2,1,1,4,2,1,2,3,2,1,3,3,3,3,4,3,4,3,3,4,3,2,4,3
454,3,2,3,3,3,3,2,3,2,3,3,2,2,3,3,3,3,3,2,2,2,3,3,2,3,2,2,2,2,2,2,3,2,3,3,3,3,3,3,2,2,3,3,3
455,3,4,3,3,3,2,3,3,2,3,3,3,2,2,3,3,3,2,3,2,2,4,4,3,3,2,3,2,2,2,3,2,1,2,2,2,3,3,3,0,3,3,4,1
456,3,2,1,2,3,3,2,3,2,3,2,3,3,3,2,3,3,3,3,3,3,4,1,2,3,2,1,1,3,1,3,4,3,3,3,3,3,3,2,3,2,3,3,3
457,3,3,3,3,3,3,2,3,2,3,3,1,3,3,3,2,3,3,2,3,3,3,3,2,3,2,2,2,3,2,3,3,2,2,2,2,3,3,3,3,3,2,2,2
458,4,1,3,4,3,2,2,2,1,4,3,3,4,3,2,3,4,4,3,3,2,3,2,3,4,0,2,2,3,2,2,3,3,2,4,2,3,3,0,4,0,1,4,3
459,0,2,4,3,3,4,0,0,1,3,4,4,2,1,4,3,1,2,3,4,4,3,4,4,2,0,4,0,1,1,2,3,4,4,3,4,3,2,4,3,2,4,3,3
460,3,2,3,4,3,2,4,3,3,3,3,2,2,4,3,3,2,2,3,4,3,3,2,3,3,2,2,2,2,1,3,3,1,3,2,2,1,2,3,3,3,3,3,2
461,2,1,2,1,3,2,4,3,3,4,4,2,2,1,4,2,3,3,4,3,3,3,2,3,4,3,3,2,3,2,3,3,4,4,2,3,3,3,2,1,2,0,3,1
462,4,3,1,2,2,2,4,4,2,4,2,1,3,4,2,3,3,3,2,3,4,1,4,2,2,1,2,1,2,2,1,3,3,3,1,4,3,3,3,3,3,3,4,3
463,4,3,0,3,3,4,1,0,3,1,2,3,3,2,3,3,0,3,2,3,2,4,3,3,2,2,3,2,4,3,3,4,4,2,4,3,3,3,2,3,3,2,4,1
464,2,3,3,3,2,2,1,4,2,4,4,2,3,4,3,3,3,3,1,3,1,3,1,1,2,1,2,1,3,2,4,3,0,3,3,4,3,3,3,4,3,3,3,4
465,3,3,1,3,3,2,3,3,2,3,3,2,3,3,3,3,3,3,3,3,3,3,2,3,3,3,3,3,3,3,3,3,1,3,2,2,1,3,3,3,1,1,3,2
466,3,2,2,1,2,3,3,3,3,3,4,2,3,4,3,3,2,3,2,4,3,3,2,3,2,2,2,2,2,3,2,2,3,3,1,2,2,2,3,4,3,2,4,3
467,2,2,2,2,3,2,3,3,2,3,3,2,3,3,3,2,3,2,4,3,3,2,3,2,2,2,1,2,2,1,2,4,4,4,4,2,1,3,2,4,3,3,3,4
468,4,4,3,2,3,2,2,0,3,4,4,2,2,3,3,3,3,2,4,2,3,3,4,4,2,2,3,2,2,1,2,3,1,3,2,3,4,3,3,2,1,2,4,2
469,3,3,4,3,3,3,1,4,3,1,3,4,3,3,3,3,3,3,3,3,2,2,3,4,3,1,1,1,1,2,3,3,3,3,3,2,1,2,2,4,2,3,3,3
470,3,2,2,1,4,3,1,3,1,2,4,0,2,4,4,4,4,4,4,1,4,2,2,3,4,2,4,1,4,1,4,4,3,4,3,3,3,3,3,1,2,2,1,0
471,4,3,4,4,3,2,2,3,2,1,3,4,3,4,4,2,4,2,4,3,3,2,2,2,4,2,1,4,0,1,1,2,4,1,4,3,2,3,3,1,3,3,2,2
472,3,3,3,3,3,2,3,3,3,3,3,1,3,3,3,3,3,3,3,3,3,2,1,3,3,1,3,1,3,1,3,3,3,3,3,3,3,3,3,2,2,1,3,3
473,3,2,1,2,4,3,3,2,3,3,3,2,3,3,3,3,3,3,3,3,3,3,3,3,3,3,2,3,3,3,2,3,3,4,2,2,3,3,1,1,2,3,1,2
474,2,1,1,1,3,2,3,4,3,3,3,2,3,3,3,3,4,3,3,3,2,3,3,1,3,1,1,3,2,2,2,3,3,4,3,4,4,1,4,4,3,3,2,2
475,3,3,3,2,2,3,3,1,2,3,3,2,2,2,2,2,2,3,4,3,4,4,2,4,3,2,2,2,3,2,3,3,3,4,2,3,2,3,2,2,2,2,3,4
476,3,3,3,3,2,2,3,3,3,2,3,2,2,3,3,3,3,3,4,3,3,2,3,4,3,2,2,2,2,2,3,3,2,3,3,2,3,3,3,2,2,2,2,2
477,3,3,3,3,2,2,2,2,3,2,2,3,3,3,4,4,4,2,3,2,2,4,2,3,2,2,3,2,3,3,2,2,3,2,3,2,3,2,2,3,2,3,3,3
478,4,2,4,4,4,4,0,0,0,0,4,0,0,4,0,0,0,0,4,4,4,4,4,2,2,0,4,0,4,2,0,4,4,4,4,4,4,4,4,4,4,4,4,4
479,3,3,3,3,3,3,1,1,3,1,4,2,2,4,4,2,3,3,3,3,3,2,3,3,3,1,2,2,2,2,3,4,4,2,3,2,2,2,3,4,1,3,4,2
480,3,3,3,2,3,3,3,3,3,2,3,3,2,4,3,3,3,3,3,3,2,3,3,3,1,2,1,3,4,1,2,3,3,3,3,3,1,3,2,2,2,3,3,3
481,2,2,3,2,2,2,3,2,2,2,4,1,2,2,3,3,3,3,3,1,1,3,4,3,2,1,3,3,3,4,4,3,4,3,4,3,2,4,3,3,2,3,4,1
482,3,3,3,3,3,4,3,3,3,3,3,2,2,3,3,3,3,2,2,3,3,3,2,3,2,2,3,3,2,3,2,3,3,3,3,3,3,3,3,1,2,2,1,2
483,4,3,3,4,3,3,3,2,3,3,3,1,1,4,3,3,3,3,3,3,3,3,2,3,3,1,1,2,3,3,2,3,2,3,3,2,2,3,2,2,2,3,3,3
484,2,3,3,3,4,2,4,4,1,4,2,2,4,4,3,3,3,2,2,4,3,3,3,3,3,3,3,3,2,4,3,2,2,2,2,2,2,2,2,0,2,2,3,2
485,3,4,3,2,4,3,2,3,3,1,4,3,2,3,1,1,1,2,4,4,1,1,4,4,1,1,2,3,2,3,3,4,4,3,4,2,3,3,3,3,2,3,2,3
486,4,4,3,4,3,3,1,4,2,3,3,3,2,3,1,2,3,3,3,1,3,3,1,3,3,1,2,3,3,1,2,4,4,4,4,3,4,3,1,3,0,3,1,3
487,3,3,3,2,3,3,3,3,3,3,4,3,3,3,3,3,3,3,3,3,3,2,3,1,3,2,2,2,3,1,4,3,3,3,3,3,2,3,3,2,1,1,1,3
488,3,2,2,2,4,3,2,2,4,2,3,2,3,3,3,3,3,2,3,3,3,3,3,4,2,1,2,2,2,3,2,4,2,3,4,2,3,3,2,3,2,2,4,2
489,4,3,3,3,3,2,2,2,3,4,3,3,3,3,3,2,3,2,2,3,3,3,3,3,2,2,2,2,3,2,2,3,2,3,3,3,2,3,2,3,2,2,3,3
490,4,2,3,3,4,3,1,3,2,3,3,4,3,3,2,2,2,3,4,3,2,4,2,2,4,2,3,2,2,2,3,3,3,3,3,3,2,3,3,2,2,1,2,2
491,4,3,2,1,3,2,2,2,3,3,3,2,3,3,4,3,4,3,3,3,4,2,3,3,3,1,3,2,2,3,2,2,2,3,3,2,2,3,3,1,3,3,3,3
492,3,2,3,0,4,1,4,4,4,1,4,1,4,4,4,4,4,2,1,4,1,3,4,1,2,0,3,0,2,1,4,4,3,3,3,3,3,2,2,3,3,3,3,4
493,4,4,3,4,3,3,2,0,3,0,1,1,2,1,2,2,2,2,3,4,3,3,1,3,1,1,4,1,4,1,4,4,4,4,4,3,2,4,4,4,3,3,4,3
494,4,3,3,3,3,3,2,3,2,2,2,2,2,3,3,3,2,3,3,2,2,3,3,2,2,2,2,2,3,3,3,3,3,3,3,3,3,2,3,3,3,3,3,3
495,1,2,2,2,3,2,2,3,2,3,3,4,2,4,3,3,3,3,3,3,3,3,3,3,3,3,2,3,2,2,4,3,3,3,3,3,1,3,2,3,2,2,3,3
496,3,4,3,3,3,1,3,4,3,1,4,3,3,4,3,3,3,3,1,3,3,3,2,3,3,1,2,3,2,1,3,3,3,3,3,3,2,3,3,2,1,4,1,3
497,3,2,2,1,3,4,2,4,3,2,3,3,3,3,3,4,3,3,3,3,3,2,3,3,4,1,2,3,1,2,3,2,3,2,3,3,0,1,3,4,4,3,4,2
498,3,3,3,3,2,3,4,3,2,3,3,3,2,2,3,3,3,2,3,3,2,3,3,2,3,2,3,3,2,2,3,3,2,3,3,2,2,2,3,3,2,2,3,4
499,3,3,3,3,3,3,3,1,2,3,3,2,2,3,3,3,3,3,3,3,3,4,3,2,3,2,1,2,2,2,2,3,3,3,3,3,2,3,2,4,3,3,4,1
500,4,2,2,2,2,2,3,3,3,3,2,4,2,3,4,4,4,2,3,2,2,4,4,3,1,1,1,2,3,1,2,4,4,3,4,2,2,2,2,3,3,3,3,3
501,3,3,2,3,3,3,1,3,3,4,4,1,3,4,3,3,3,4,3,3,3,3,4,3,3,3,3,2,2,3,3,4,4,4,3,1,3,2,0,1,1,0,2,2
502,3,3,3,2,2,3,3,2,2,2,3,2,2,3,3,3,3,3,3,3,3,2,3,3,3,2,2,3,2,2,2,3,4,4,3,3,3,3,3,2,2,2,3,3
503,3,3,2,3,3,3,3,3,2,3,3,3,3,3,3,3,3,2,3,3,2,3,3,4,3,1,2,2,3,1,3,3,3,3,3,3,3,3,3,2,1,1,3,3
504,3,3,3,2,3,3,2,3,2,3,3,2,2,3,3,3,3,3,3,3,3,3,4,3,3,2,2,2,2,2,3,3,3,3,3,3,2,3,3,1,2,3,3,2
505,1,2,4,4,3,3,4,4,4,3,4,3,2,4,4,4,4,3,1,1,2,3,4,3,2,2,1,3,0,1,3,4,4,2,4,3,1,2,4,2,0,1,3,2
506,4,3,2,2,4,4,4,2,3,4,4,4,2,4,2,2,2,2,1,2,2,2,2,1,2,2,2,1,2,2,2,4,4,4,3,3,4,3,3,4,1,1,4,3
507,3,3,2,2,3,3,3,2,3,2,3,3,2,3,2,3,2,3,3,3,3,2,3,3,2,3,2,3,3,3,3,3,1,3,3,3,3,2,2,3,3,3,3,3
508,3,2,1,1,3,3,3,2,3,3,3,3,3,3,3,3,3,3,3,3,3,3,3,3,3,2,2,3,2,3,3,3,3,3,3,3,2,3,3,2,3,2,3,1
509,4,3,3,2,3,3,2,3,3,2,2,3,2,3,3,3,3,2,2,3,3,4,3,3,2,2,2,2,2,2,2,3,3,3,3,3,2,3,3,3,3,2,3,3
510,3,2,2,4,3,4,3,3,3,3,3,3,3,2,3,3,2,4,3,4,3,3,3,3,3,4,3,3,3,2,3,2,1,2,1,2,3,2,2,1,4,3,1,2
511,4,3,3,2,3,2,4,3,3,2,3,2,3,2,2,4,3,3,3,3,3,3,4,2,2,2,3,2,3,1,2,3,4,1,2,2,2,3,1,2,4,4,3,4
512,3,2,3,2,3,4,3,4,3,3,3,3,2,1,2,2,4,4,4,3,2,3,3,4,3,1,2,1,2,3,1,4,4,3,4,2,4,4,3,1,2,1,0,4
513,4,3,1,3,3,2,2,4,4,4,4,2,4,4,2,3,3,2,4,3,4,3,1,4,2,1,2,2,2,1,3,2,3,3,2,3,4,2,3,2,2,3,2,2
514,3,3,3,2,3,2,3,2,2,3,3,3,2,3,2,3,3,2,1,3,2,1,3,3,2,3,3,2,3,3,3,3,1,3,3,2,4,4,3,3,3,4,4,3
515,3,3,3,2,2,3,3,2,2,2,4,2,3,3,3,2,3,2,3,3,2,2,3,3,3,2,3,2,2,3,3,3,3,3,3,3,3,3,3,3,2,3,3,3
516,4,4,3,3,4,2,3,0,2,3,4,3,3,2,2,1,2,3,4,4,0,3,4,4,2,0,3,0,2,3,4,3,4,3,4,4,1,2,3,1,4,4,3,2
517,4,3,3,3,3,3,3,3,3,3,3,1,3,3,2,3,3,2,2,3,3,2,3,3,3,1,2,2,2,2,3,2,3,2,3,3,3,3,3,3,3,3,3,3
518,4,2,2,3,3,3,3,3,2,2,3,2,3,3,3,2,3,3,3,3,3,4,3,3,1,2,3,1,2,2,2,3,3,3,3,3,3,3,3,3,2,3,3,3
519,4,3,4,4,2,4,1,1,2,4,4,0,2,2,2,4,1,4,3,4,4,4,4,3,4,1,3,0,4,2,4,3,2,4,4,4,2,2,1,3,2,0,4,0
520,3,2,3,3,2,3,3,3,3,3,2,2,2,3,3,3,3,3,3,3,3,3,3,3,3,1,2,1,3,2,3,3,3,3,3,3,2,3,2,3,3,3,3,3
521,2,2,2,2,3,2,3,4,3,1,2,3,3,3,3,3,3,3,4,3,3,2,3,4,3,2,2,2,2,3,2,3,0,3,3,4,4,3,4,3,2,3,2,3
522,2,2,3,3,3,2,3,2,3,4,3,0,2,3,2,2,3,2,3,3,3,3,1,4,3,1,1,2,3,3,4,3,3,3,3,4,3,3,4,2,3,4,3,3
523,3,4,3,3,3,3,1,3,2,1,1,2,0,1,2,3,3,3,3,1,2,2,3,4,3,1,4,3,4,2,4,2,4,3,4,2,2,4,4,4,2,4,4,3
524,2,3,2,2,3,2,3,2,3,3,3,3,3,3,4,2,2,4,3,4,4,4,4,3,4,3,1,3,3,4,2,2,2,2,2,2,2,2,2,2,2,2,2,4
525,4,4,1,4,4,4,3,4,4,4,0,4,4,1,3,3,3,4,4,4,3,3,2,3,4,4,1,1,3,3,1,3,4,0,0,1,2,2,3,1,3,2,4,0
526,4,4,0,0,4,0,0,4,0,0,4,4,0,4,4,4,4,4,4,4,4,4,4,4,4,4,4,0,4,4,4,0,0,0,0,4,4,0,4,4,0,4,4,4
527,4,0,4,4,0,4,0,4,0,4,4,0,0,4,4,4,4,4,4,4,4,4,4,4,4,4,4,4,4,4,4,0,0,4,0,4,4,4,4,0,0,0,0,0
528,4,3,4,3,4,3,2,1,4,1,1,4,4,3,3,3,1,4,2,4,4,3,4,2,2,2,2,1,2,1,3,4,4,2,4,0,1,3,3,4,2,1,4,4
529,4,2,3,4,3,3,4,3,3,3,4,2,4,2,3,2,4,3,4,2,1,3,4,1,3,1,1,3,2,1,2,4,0,4,3,4,2,3,4,3,1,2,3,3
530,4,2,3,4,3,3,4,3,3,3,4,2,4,2,3,2,4,3,4,2,1,3,4,1,3,1,1,3,2,1,2,4,0,4,3,4,2,3,4,3,1,2,3,3
531,2,3,3,4,3,3,3,3,3,3,4,2,3,2,3,3,3,3,3,3,4,4,2,4,4,2,2,1,1,4,2,3,3,3,2,2,3,3,2,2,3,3,1,1
532,3,2,2,2,2,2,2,3,3,4,4,3,3,4,2,2,3,2,3,4,2,1,4,2,2,1,2,1,2,3,4,3,4,3,4,2,4,3,2,3,3,3,3,4
533,2,1,1,1,3,1,3,4,4,4,4,4,2,4,4,3,4,3,4,4,3,2,1,4,4,2,3,4,2,3,3,2,4,2,4,1,1,2,1,3,3,3,2,1
534,4,2,3,3,4,3,3,2,4,4,4,3,2,3,4,4,4,4,4,4,2,0,2,4,1,2,2,3,3,3,2,4,3,3,3,2,1,2,2,1,1,2,2,2
535,3,2,3,1,2,3,3,3,3,3,3,3,3,3,3,3,3,3,2,3,3,2,1,2,3,3,3,3,3,3,3,3,3,2,3,3,2,3,3,3,3,3,3,2
536,2,3,3,3,3,3,2,2,2,3,3,4,3,3,3,3,3,2,4,3,2,2,3,4,2,2,1,3,3,3,3,3,3,3,3,2,2,3,2,2,3,3,3,3
537,3,3,2,3,3,3,4,3,2,3,3,3,3,2,3,4,4,2,3,4,2,3,2,2,2,3,3,3,3,3,3,2,4,2,2,4,2,4,3,1,3,1,1,2
538,2,3,3,4,2,2,3,2,3,3,1,2,3,3,4,3,3,3,2,3,2,3,2,3,2,1,2,2,3,2,3,4,3,3,4,3,4,2,2,4,3,3,4,2
539,2,2,2,2,3,3,2,2,2,4,3,3,3,4,3,3,3,3,3,3,3,3,1,3,3,2,3,2,3,2,3,3,3,3,3,3,2,3,3,3,2,3,3,3
540,4,3,4,3,3,3,1,4,3,4,4,3,2,3,3,3,3,2,4,4,2,4,4,4,2,1,1,0,1,1,3,3,1,1,3,1,1,4,2,3,3,4,4,4
541,4,2,2,3,2,2,2,2,2,3,4,2,3,3,3,3,2,2,2,3,3,3,3,3,2,2,2,3,2,2,2,4,4,4,3,3,2,3,3,3,3,4,3,3
542,3,1,3,4,2,3,0,2,1,4,2,3,0,4,3,3,3,4,3,4,3,4,4,4,3,2,2,3,3,3,3,4,3,2,4,3,3,3,3,1,1,1,4,2
543,2,3,4,3,3,2,2,4,3,2,4,3,3,3,3,3,3,3,4,4,3,2,2,4,3,2,2,2,2,1,4,3,1,4,3,4,2,3,3,3,1,1,1,4
544,3,2,3,3,3,3,3,3,3,3,4,2,3,3,3,3,3,3,3,3,3,3,3,2,3,2,2,2,3,2,3,3,3,4,3,3,3,3,3,2,2,2,2,1
545,3,2,3,2,3,2,3,1,3,2,4,3,3,3,3,3,3,3,3,2,4,3,2,1,3,2,1,1,3,4,3,3,3,2,3,3,3,3,3,3,3,4,4,3
546,3,3,4,4,3,3,3,3,3,3,3,2,3,3,3,3,3,3,3,3,3,3,1,2,3,2,3,2,3,3,2,4,3,2,2,3,4,2,1,3,2,2,3,2
547,4,3,4,4,4,3,1,3,3,3,3,2,3,4,3,4,0,3,1,3,3,2,3,3,3,2,2,3,4,3,1,4,3,3,3,2,4,3,3,0,2,3,3,1
548,1,2,3,3,3,3,3,3,2,3,3,4,3,4,3,2,3,3,3,3,1,4,4,3,2,1,2,1,2,3,3,4,3,3,3,3,3,3,3,4,2,3,3,1
549,2,2,2,3,3,3,3,4,3,3,4,2,1,4,4,3,3,2,4,3,3,4,3,4,4,2,2,1,2,3,3,2,2,2,3,3,1,3,2,3,3,2,3,3
550,3,3,3,3,3,1,2,4,3,3,4,2,2,4,3,3,3,3,4,3,4,3,3,4,2,1,2,4,2,1,3,3,4,3,3,2,3,2,2,2,2,2,2,3
551,3,2,2,3,3,2,2,3,2,3,2,3,2,3,3,2,4,3,3,3,3,3,1,3,2,2,3,3,3,2,3,4,4,3,4,3,1,2,3,3,3,4,3,3
552,4,4,3,2,2,3,2,1,1,1,2,4,3,3,3,2,2,3,3,2,4,2,4,3,3,3,3,3,2,3,3,3,3,4,3,3,3,3,4,3,2,2,2,3
553,3,3,3,1,3,3,3,3,3,2,3,1,2,3,2,3,3,4,3,4,2,1,2,3,4,0,2,3,4,0,4,4,3,4,2,3,3,4,3,3,3,3,2,4
554,3,2,4,1,2,2,2,2,3,2,3,3,2,2,3,3,3,3,2,2,3,2,3,1,3,1,3,3,3,3,2,4,4,3,4,4,3,4,3,3,3,4,4,3
555,3,3,3,3,3,2,3,2,3,2,3,2,4,3,3,3,3,4,3,2,2,4,4,3,2,1,3,1,2,2,3,3,3,3,3,2,3,3,3,3,4,2,3,3
556,4,2,3,2,3,3,2,3,3,2,3,2,2,3,4,4,3,2,2,3,3,3,3,1,4,3,2,2,2,3,2,4,1,4,4,4,2,3,3,3,3,2,3,3
557,3,3,3,2,3,2,3,2,4,4,3,2,3,3,3,3,3,3,3,4,2,4,3,3,3,2,2,1,1,1,3,3,3,3,3,2,3,4,3,3,2,3,3,3
558,2,2,3,3,4,3,3,2,4,4,4,3,3,4,3,4,4,4,4,4,2,2,3,4,2,0,1,3,2,0,3,3,3,3,2,2,0,4,3,2,1,4,3,3
559,2,3,2,2,2,4,2,2,1,3,4,0,4,2,4,4,4,4,2,4,4,2,2,2,4,2,3,2,4,2,3,2,2,2,2,4,2,1,4,4,4,4,4,2
560,4,2,2,2,3,3,3,3,2,4,4,2,2,3,4,4,4,4,2,4,4,4,3,2,4,1,1,3,2,2,4,2,3,3,2,2,3,3,3,3,1,3,1,2
561,3,3,3,1,3,3,3,4,3,3,3,3,3,2,3,4,3,4,3,3,3,1,3,4,3,3,3,4,3,3,3,3,4,3,1,3,3,4,1,2,3,1,1,0
562,4,3,4,4,4,3,3,2,2,3,2,1,2,2,4,4,4,4,2,2,2,2,2,3,2,2,4,1,3,0,4,2,3,4,2,2,2,4,4,4,3,2,3,4
563,4,2,3,2,2,2,3,2,2,0,1,3,3,3,4,3,3,3,3,4,3,2,3,3,3,2,2,2,2,2,3,4,3,4,3,3,4,1,3,4,3,4,4,4
564,3,4,3,3,3,3,3,3,3,3,3,3,2,4,4,3,2,3,4,2,2,3,3,4,2,2,2,3,2,3,3,3,2,2,1,3,4,2,2,3,4,1,3,3
565,2,2,2,2,2,3,3,3,3,2,2,3,3,3,2,3,3,4,4,4,4,4,3,4,3,3,2,2,2,4,2,3,3,3,3,3,2,3,3,1,3,3,2,3
566,3,4,2,2,3,4,4,3,2,4,4,1,3,4,3,2,2,2,2,4,2,4,4,4,2,2,1,0,3,3,4,4,2,4,4,4,3,3,4,2,0,0,2,4
567,3,3,3,4,4,4,2,0,2,3,3,1,3,2,4,3,3,3,3,3,3,3,3,4,4,1,2,4,2,4,4,4,4,2,4,1,2,3,1,3,2,1,3,3
568,3,3,3,3,3,2,3,3,3,3,2,4,2,3,4,3,3,3,3,3,3,3,3,2,3,3,2,3,1,1,3,3,4,3,4,3,2,3,2,3,2,4,3,1
569,4,2,4,3,2,2,3,4,3,3,3,4,3,3,2,2,2,3,2,4,3,2,2,4,4,1,2,0,2,3,4,2,3,3,4,1,1,4,2,3,4,4,3,4
570,2,1,3,0,1,2,1,3,1,3,3,3,4,4,4,4,4,4,4,4,3,3,4,3,1,1,2,3,4,4,1,3,3,3,4,3,1,3,3,4,4,4,4,1
571,4,3,3,4,2,3,2,2,3,1,4,4,3,3,4,4,4,4,2,3,3,3,3,3,4,1,1,3,3,2,4,2,1,2,2,2,1,2,3,4,3,3,4,3
572,4,4,3,4,4,3,4,2,4,1,3,3,4,4,2,2,2,4,2,2,1,2,4,2,2,2,4,1,4,3,2,3,2,2,3,4,3,2,2,3,1,4,3,4
573,3,2,3,2,3,4,3,3,3,3,3,4,3,4,4,3,3,3,2,3,2,2,3,2,2,2,2,1,2,2,2,4,1,4,3,3,4,2,4,4,4,4,1,3
574,4,2,3,2,2,2,3,1,1,3,3,0,3,4,3,3,2,3,3,4,2,4,3,4,3,2,3,2,3,1,4,4,3,4,3,3,4,2,2,3,4,4,3,3
575,4,1,2,1,4,2,0,3,2,3,4,0,3,4,3,2,4,3,3,2,4,4,4,2,4,0,1,3,3,2,4,4,4,4,4,4,2,4,3,2,2,4,4,2
576,4,2,3,2,3,2,3,2,3,3,3,2,2,3,4,4,4,2,2,3,3,3,3,2,3,1,2,3,2,1,3,4,4,3,4,3,3,4,2,3,2,2,4,4
577,4,2,2,2,3,3,3,2,3,3,3,4,3,2,2,2,3,2,3,3,2,3,3,3,2,2,4,3,4,2,3,4,2,4,4,4,3,4,3,2,2,3,3,1
578,3,2,2,3,3,3,3,2,3,3,4,4,3,3,4,3,4,2,2,3,3,4,4,3,3,2,2,2,4,3,2,3,4,3,3,2,3,3,3,2,1,3,1,2
579,3,4,2,2,3,3,3,3,3,4,3,3,3,3,4,4,4,4,4,4,4,3,3,3,3,4,4,2,3,3,4,1,1,2,1,2,3,2,2,1,2,2,1,2
580,3,3,3,1,4,3,2,3,4,3,4,4,4,3,4,4,3,3,3,3,4,2,3,3,4,2,2,3,2,1,1,3,4,2,4,4,3,2,3,0,1,3,1,3
581,3,3,3,3,4,2,3,4,3,4,3,3,4,3,4,4,4,4,0,4,4,0,3,3,4,4,1,0,2,3,3,3,1,3,3,2,3,3,2,3,1,3,3,3
582,4,3,3,3,3,3,0,4,3,3,4,0,4,4,4,4,4,4,4,3,3,3,4,1,2,2,1,1,2,2,1,4,3,3,4,3,3,3,2,3,3,3,2,3
583,2,2,1,2,3,2,3,4,2,4,4,2,3,4,4,4,3,2,3,4,3,2,4,2,0,1,3,4,3,3,3,4,1,4,4,3,2,3,4,3,3,2,3,3
584,4,3,3,1,3,3,3,4,3,4,2,4,2,4,4,3,4,2,3,4,3,4,1,3,2,1,2,2,3,1,3,3,3,2,3,2,3,4,2,3,3,3,4,2
585,2,3,4,2,3,3,1,0,2,4,4,0,4,4,1,2,2,1,4,2,2,3,1,4,4,2,2,3,4,4,3,3,3,4,4,4,3,4,3,3,3,4,3,4
586,3,3,3,2,3,3,4,3,2,3,3,3,3,3,3,3,3,2,2,3,2,3,1,2,2,2,2,3,3,2,2,3,4,3,4,3,3,3,3,4,3,4,4,3
587,4,2,0,4,3,2,3,3,2,2,4,4,2,3,4,2,3,2,4,2,4,2,4,4,4,2,2,2,2,2,1,4,4,2,2,2,2,4,2,4,4,4,4,3
588,4,3,1,1,3,3,2,3,2,4,4,0,4,4,3,3,4,3,4,4,3,4,3,4,4,2,1,2,3,3,4,2,3,3,2,2,1,2,2,4,3,3,4,2
589,3,3,4,3,4,3,3,1,4,4,4,1,3,3,3,3,3,2,3,3,3,2,3,3,4,2,2,2,2,2,2,4,4,4,3,4,2,4,1,3,2,1,2,4
590,3,2,1,4,3,3,2,4,1,3,3,2,1,3,3,4,2,4,2,2,4,3,4,3,2,3,1,1,2,1,3,4,3,4,4,4,4,3,3,4,3,3,4,3
591,3,3,4,4,3,1,4,4,2,4,2,4,2,4,4,3,4,4,4,4,4,2,4,4,0,2,0,1,4,4,4,1,2,3,0,4,1,2,4,4,2,1,4,2
592,3,2,4,2,3,2,3,3,3,3,4,4,3,4,4,4,3,4,4,4,4,2,3,4,4,2,2,2,3,4,3,2,1,2,2,1,1,3,1,3,3,3,3,2
593,4,4,2,2,2,3,4,2,2,3,4,3,2,4,4,4,3,2,3,3,3,3,3,3,3,1,2,1,4,1,2,3,4,3,3,2,3,3,3,4,3,3,3,3
594,4,2,3,3,3,3,3,4,3,3,4,3,3,3,3,3,3,3,3,3,3,3,3,3,3,3,2,2,3,3,2,2,2,2,3,2,2,3,2,4,3,2,4,3
595,4,2,0,2,3,2,1,4,3,1,3,1,3,4,3,3,3,4,3,3,3,3,4,3,3,2,2,2,3,1,4,4,4,3,4,2,4,3,2,4,2,4,4,4
596,3,2,3,3,3,3,2,2,2,4,3,2,3,4,4,2,3,2,4,4,4,2,3,4,4,0,2,2,1,1,3,4,4,4,4,4,2,2,4,3,2,3,2,4
597,4,3,4,3,3,2,1,3,2,4,3,1,3,3,4,4,4,1,4,2,4,4,4,3,4,0,1,0,3,1,3,4,3,3,4,3,2,4,4,1,3,4,3,3
598,4,3,3,3,4,3,3,3,3,3,3,3,3,3,3,3,1,2,1,3,3,2,3,3,1,3,3,3,4,1,3,4,4,4,1,3,3,3,3,3,3,3,3,3
599,4,3,1,3,3,3,2,3,2,3,3,2,3,3,3,4,4,4,4,4,3,4,4,3,3,3,1,3,3,4,1,3,3,3,1,3,3,3,3,3,3,1,3,2
600,3,2,3,2,3,2,3,4,2,3,4,4,2,3,4,4,4,3,4,4,4,3,3,4,3,2,1,2,2,4,1,3,3,3,3,2,2,2,3,3,3,3,3,2
601,2,3,2,2,3,3,1,2,3,2,2,4,2,3,4,3,3,2,3,4,2,4,1,3,4,2,2,2,2,2,2,4,4,4,4,4,2,3,3,4,4,4,4,4
602,4,2,4,1,4,1,4,4,2,4,3,4,3,3,2,2,1,3,4,0,2,2,3,4,0,0,4,2,2,2,4,3,4,4,4,4,0,4,4,4,4,4,4,4
603,3,2,3,3,3,3,3,2,3,2,3,2,3,3,3,3,3,4,4,3,4,3,1,4,3,1,3,3,3,3,3,3,4,4,2,3,4,2,3,4,2,2,4,1
604,2,3,2,1,3,2,3,3,3,4,3,4,3,3,3,3,3,3,1,2,2,4,3,2,1,3,2,3,4,1,2,4,4,4,4,3,3,3,3,3,3,4,4,4
605,4,4,4,2,2,3,4,1,3,4,4,1,2,4,2,3,3,2,3,4,4,4,4,2,2,1,3,2,3,3,2,3,3,4,1,4,3,2,4,3,2,2,4,3
606,4,1,0,0,4,1,4,4,4,4,4,4,2,4,4,4,4,4,2,2,2,2,2,1,4,1,2,2,4,2,2,3,3,3,4,4,3,4,4,3,4,4,0,4
607,4,2,4,3,3,3,3,4,4,4,4,2,4,4,4,4,4,2,0,2,2,4,4,2,4,0,0,2,2,4,3,4,4,4,2,4,3,2,3,2,0,4,1,3
608,4,2,2,4,4,2,2,4,4,2,3,2,3,4,4,4,4,4,3,3,4,2,2,2,4,1,2,2,3,2,3,3,2,3,2,3,2,3,3,3,3,3,3,3
609,4,2,3,3,4,2,2,3,3,4,4,2,2,4,3,3,2,3,3,4,2,3,3,4,4,2,3,2,3,2,4,3,1,2,3,3,2,1,3,3,4,4,3,3
610,3,3,3,3,3,3,3,2,3,3,3,3,3,3,3,3,3,2,3,3,3,3,3,2,3,3,2,3,3,3,3,3,3,3,3,4,4,1,3,3,3,3,3,2
611,4,2,3,3,3,2,3,2,4,4,4,3,4,4,2,3,2,3,4,4,3,4,4,4,3,2,3,1,2,3,2,4,3,3,4,2,3,3,2,0,1,2,2,4
612,3,2,3,4,3,2,2,4,3,3,2,4,3,4,3,2,4,2,2,3,3,3,4,3,2,1,3,3,3,2,2,4,2,2,4,3,3,2,3,3,3,3,4,4
613,4,2,3,4,4,3,4,4,3,3,4,1,3,4,4,3,4,4,2,2,4,2,2,2,3,2,3,1,3,2,3,2,3,3,0,3,2,2,3,4,4,4,4,2
614,1,2,4,3,4,3,4,4,4,4,4,3,4,4,4,4,4,2,4,2,2,4,4,1,2,3,3,2,4,3,3,0,3,2,0,1,0,4,1,4,4,4,4,2
615,3,2,2,1,4,0,4,4,3,3,4,4,4,4,4,4,4,4,3,3,4,3,2,3,4,2,2,1,2,1,2,2,3,3,3,3,3,4,3,2,3,4,2,3
616,4,2,3,1,4,3,1,4,4,2,4,2,4,3,2,2,2,3,4,3,4,3,3,4,4,4,3,3,4,3,3,3,3,3,4,3,2,2,0,1,4,3,1,4
617,4,4,3,4,4,3,4,4,4,4,4,2,4,4,4,4,4,4,4,4,0,3,4,2,4,0,4,4,4,3,4,4,0,0,0,0,0,4,0,4,0,0,4,4
618,4,3,1,1,3,3,2,2,2,2,4,2,3,3,4,4,4,4,4,4,4,3,4,3,4,2,2,2,3,3,3,4,1,4,3,3,2,3,3,3,2,2,3,3
619,4,3,2,3,2,3,2,2,3,3,3,2,2,4,3,3,3,4,3,2,2,3,2,2,4,1,2,1,3,4,3,4,4,4,4,2,3,3,3,4,3,4,4,4
620,4,3,4,2,4,3,3,4,4,4,4,4,3,4,4,4,4,4,4,4,4,4,4,4,4,2,2,0,2,3,1,0,0,2,1,2,0,0,0,4,4,4,4,4
621,4,2,2,3,3,3,2,3,3,1,3,2,3,3,3,3,3,3,3,3,3,2,4,4,3,2,2,2,2,1,4,4,3,4,3,4,4,3,3,2,3,4,4,4
622,3,3,3,3,3,3,3,3,3,4,3,2,2,4,3,3,3,0,3,4,3,3,4,2,2,3,3,2,4,2,4,3,4,3,4,2,2,3,3,4,2,3,3,3
623,2,3,1,2,4,2,4,3,4,4,4,2,2,4,4,4,4,4,4,4,4,3,1,4,4,2,3,1,2,4,4,2,2,2,2,2,3,4,2,2,2,3,3,4
624,3,2,3,3,3,3,3,2,2,3,3,3,3,3,4,3,4,3,3,3,2,3,2,3,2,1,3,3,2,3,3,4,3,4,4,3,3,3,4,3,3,3,3,4
625,4,4,2,3,4,3,4,1,3,4,4,3,3,4,2,3,4,4,4,4,4,4,2,4,3,3,1,2,3,4,2,4,0,4,4,4,4,0,4,0,2,4,1,0
626,3,3,0,0,3,4,1,1,1,4,4,3,0,4,4,4,4,3,3,3,3,3,3,3,4,3,4,3,4,3,4,4,2,4,4,3,4,4,3,4,1,0,4,4
627,3,3,2,2,3,2,3,2,3,4,4,2,3,4,4,4,4,4,4,4,4,4,4,4,4,4,3,1,4,4,4,2,4,2,4,2,0,2,2,4,2,2,1,0
628,3,4,2,1,3,3,1,3,2,3,3,3,1,4,4,4,4,3,4,3,4,4,3,4,2,4,1,3,1,1,2,4,4,4,4,4,4,3,3,3,3,4,2,2
629,4,4,4,4,4,4,3,3,3,1,1,2,2,3,3,3,3,3,4,4,1,4,0,3,4,1,2,0,2,4,3,4,3,4,3,4,3,4,4,3,3,3,3,4
630,4,4,2,4,3,2,4,4,4,4,0,4,4,4,4,4,4,4,4,4,2,1,2,3,4,4,1,0,4,4,3,4,4,4,0,0,4,0,4,0,4,4,4,0
631,2,1,3,3,2,3,3,4,2,3,4,4,1,4,4,4,4,2,4,3,3,3,3,4,4,2,2,3,3,3,4,3,2,3,3,2,2,3,3,4,2,3,4,3
632,4,4,4,4,3,3,2,1,3,3,3,4,3,4,2,2,2,3,3,2,3,3,1,4,2,2,2,2,4,1,3,4,4,4,4,4,4,4,3,2,3,3,3,3
633,3,3,3,4,3,3,2,3,3,3,2,3,4,3,3,3,3,3,3,3,3,3,3,4,2,2,2,2,2,2,3,4,4,3,4,4,4,3,3,3,2,3,2,4
634,4,3,2,1,4,4,4,4,4,2,4,4,3,4,4,4,4,4,4,4,3,3,4,4,4,2,2,2,2,2,3,3,4,2,4,3,1,3,2,0,1,4,2,0
635,2,3,2,2,3,3,2,1,3,2,3,0,0,4,4,4,4,4,4,4,4,4,3,4,4,2,3,1,3,4,2,4,3,4,3,3,2,4,3,4,2,4,4,4
636,2,3,2,3,3,4,3,4,3,3,3,3,3,4,4,4,4,3,4,4,4,4,3,3,4,1,2,3,3,3,3,4,0,3,3,4,3,2,1,2,1,3,3,4
637,4,4,4,3,3,3,2,4,3,1,3,2,2,4,3,2,3,2,4,4,4,4,3,0,1,3,3,1,1,2,4,3,3,4,4,4,4,3,3,4,3,3,4,4
638,3,3,4,4,3,4,3,1,4,4,3,3,4,3,3,3,3,3,3,3,4,3,3,3,3,3,3,1,3,3,3,4,3,4,3,4,3,3,4,0,3,1,1,3
639,3,2,3,2,3,2,3,3,3,3,3,2,2,3,3,3,3,4,4,3,3,4,3,3,3,2,3,3,4,3,3,3,4,3,4,3,3,4,3,3,2,3,3,3
640,4,3,2,4,3,3,3,3,3,4,4,4,3,4,3,3,4,2,4,4,3,3,3,4,4,1,2,1,2,4,1,4,4,4,4,3,4,2,3,2,1,1,2,3
641,4,4,4,4,3,3,2,2,3,2,2,4,2,3,2,4,4,4,4,1,2,2,1,3,1,1,4,1,3,4,4,4,0,4,4,4,4,4,2,4,4,4,4,4
642,4,2,4,3,4,3,4,3,3,4,4,2,4,2,4,4,4,4,3,3,4,4,4,3,4,2,3,3,4,3,2,3,2,2,2,3,2,3,2,1,2,3,2,2
643,4,4,4,4,4,4,4,2,0,4,2,2,4,4,0,4,0,4,4,4,3,4,0,3,0,0,3,2,3,2,3,4,4,4,2,4,4,4,3,4,3,4,4,4
644,3,4,4,3,2,3,2,3,2,2,3,3,2,4,4,4,4,4,2,2,3,1,4,1,3,2,2,3,2,2,1,4,4,4,4,4,4,4,3,4,4,4,4,2
645,3,3,4,4,3,3,0,4,3,3,3,4,3,4,4,4,4,3,1,3,2,3,4,3,3,2,3,2,3,2,4,3,3,3,3,4,3,3,4,3,3,3,1,3
646,4,4,4,4,4,4,3,4,3,2,2,4,4,4,4,4,4,4,3,3,3,4,4,4,3,0,3,4,3,3,4,2,1,1,2,1,3,1,1,3,1,2,4,4
647,3,4,4,0,3,3,3,3,3,3,4,1,3,3,4,3,4,4,4,4,3,4,4,3,2,3,2,1,3,4,3,3,3,4,3,2,3,2,3,3,4,2,3,4
648,2,3,3,3,3,3,2,3,3,1,3,3,4,4,3,3,3,2,4,4,4,3,3,2,2,2,3,3,3,3,4,4,4,3,3,4,4,3,3,3,3,3,3,3
649,3,2,4,3,3,3,2,4,3,2,4,3,2,4,4,4,4,2,4,3,3,4,1,4,2,1,2,2,2,2,1,4,4,4,3,4,3,2,3,4,4,4,4,4
650,3,3,2,2,4,3,3,3,3,2,3,2,3,4,3,3,3,2,3,2,2,2,4,2,2,2,4,4,3,3,4,4,4,4,4,4,2,3,3,3,4,4,4,3
651,3,2,1,3,3,2,2,1,4,2,4,3,4,3,4,4,4,3,3,4,4,4,4,4,2,3,2,2,3,2,3,4,3,3,4,3,2,3,3,3,3,4,4,3
652,4,3,0,0,4,2,3,2,4,4,3,4,4,4,4,2,3,4,2,4,3,4,4,4,4,3,2,2,3,3,3,4,0,4,4,3,2,4,1,4,4,4,4,1
653,3,4,2,4,4,4,2,4,3,4,3,3,3,3,2,4,3,2,1,2,3,0,4,3,3,4,2,2,4,3,4,3,3,4,4,3,3,4,3,4,3,2,3,4
654,4,2,4,4,3,3,3,2,2,3,3,4,4,3,4,3,4,4,3,4,3,4,4,3,4,3,2,1,3,3,2,4,4,4,4,3,3,4,2,1,3,2,1,2
655,4,3,3,3,3,3,4,2,3,4,4,0,3,3,3,3,3,4,4,3,3,3,2,2,3,2,2,2,2,2,3,4,4,3,4,4,4,3,2,4,3,4,4,4
656,3,2,3,2,3,3,4,4,2,4,4,3,4,4,3,4,4,4,4,4,2,4,3,4,2,0,2,2,2,3,4,4,3,3,3,2,2,4,3,4,2,3,3,3
657,4,3,3,2,4,3,1,2,3,3,3,2,3,3,4,4,3,4,3,4,3,4,4,3,4,2,3,2,3,1,3,4,4,4,3,3,4,4,4,3,1,2,4,3
658,3,3,2,3,3,3,2,2,3,3,3,3,3,2,3,3,3,3,2,3,3,3,3,3,3,3,4,3,3,3,4,4,4,4,3,4,3,3,4,3,3,3,4,4
659,4,3,4,3,4,3,3,3,3,4,1,1,2,4,4,4,3,4,3,3,4,3,3,3,2,2,2,2,4,2,2,3,4,3,4,3,4,2,3,4,4,4,2,4
660,4,4,4,2,3,1,3,3,3,3,3,4,3,4,4,3,3,3,4,4,3,4,4,4,4,2,4,3,4,2,4,2,1,1,2,1,1,2,3,4,4,4,4,4
661,4,3,0,3,3,2,1,3,4,4,4,1,2,4,4,4,4,2,2,4,4,3,4,3,4,1,3,3,3,2,3,4,3,4,4,4,4,4,3,4,1,2,4,4
662,4,3,4,2,4,3,4,3,4,3,3,2,3,4,3,3,2,2,3,3,3,4,3,3,3,2,2,2,2,2,3,4,3,4,4,3,2,2,3,4,4,4,4,4
663,4,4,4,4,4,4,0,3,1,0,4,0,3,3,4,3,4,0,4,4,4,4,4,3,1,0,3,0,4,4,4,4,4,4,4,4,4,4,4,3,1,4,4,4
664,4,2,3,2,3,3,3,4,3,1,3,2,3,4,3,3,3,2,3,4,3,3,4,4,3,3,4,2,4,2,3,4,4,1,3,3,4,4,3,4,3,4,3,4
665,4,2,4,4,4,3,3,4,4,4,4,4,4,2,4,4,4,4,4,4,4,4,3,4,4,4,4,0,3,2,2,2,1,4,2,3,2,4,2,1,4,1,2,1
666,3,3,2,4,4,3,3,2,4,1,3,3,3,4,4,3,1,4,3,4,3,4,2,4,4,1,3,3,3,2,4,4,4,4,4,4,4,3,2,3,2,4,2,3
667,3,4,4,2,4,3,4,4,4,4,3,2,2,4,4,4,4,4,4,4,4,4,2,4,4,3,3,2,4,3,2,3,2,2,3,2,1,4,3,2,2,2,2,3
668,4,4,3,4,3,4,4,2,3,0,2,0,2,4,4,4,4,4,4,3,4,0,1,4,4,0,4,2,4,4,3,4,4,3,4,2,4,3,4,4,2,4,4,4
669,2,2,3,1,2,2,3,1,4,4,4,4,4,4,3,2,2,2,4,4,2,4,4,4,3,1,2,4,4,4,2,4,4,4,4,4,3,2,3,4,3,4,4,4
670,4,3,4,4,3,4,1,0,3,4,3,1,3,4,2,2,2,4,4,3,4,4,3,4,4,2,4,0,4,3,3,2,4,4,3,4,4,4,0,4,4,4,4,4
671,4,3,2,3,3,2,3,2,3,3,4,3,3,4,4,4,4,4,3,3,4,4,3,3,4,3,2,3,3,2,3,2,0,4,4,4,2,3,3,4,4,4,4,2
672,4,3,4,3,3,2,3,0,3,3,3,3,2,3,4,4,4,4,3,4,2,4,4,1,4,1,2,2,1,2,4,4,4,4,4,4,4,4,4,4,3,3,4,4
673,4,4,0,4,2,4,1,2,2,4,1,3,2,4,4,4,4,4,4,4,4,4,4,4,4,4,4,4,4,4,4,2,3,2,2,3,4,2,2,4,2,2,4,2
674,4,2,0,0,4,2,4,4,4,2,4,2,4,4,4,4,4,4,4,4,4,4,4,4,4,4,2,2,4,4,2,3,1,3,4,4,1,0,4,4,4,4,2,4
675,4,2,4,4,3,3,3,2,3,3,4,2,3,3,4,4,4,4,4,4,4,3,4,4,4,4,4,4,3,4,4,3,3,4,3,3,1,3,3,2,2,2,0,2
676,4,4,3,1,3,3,3,3,4,3,3,4,3,4,4,3,3,3,4,4,3,3,4,3,4,4,2,3,3,2,1,3,4,3,4,3,4,3,2,3,3,4,3,3
677,4,3,4,4,4,3,4,4,4,4,3,2,1,4,3,4,4,3,1,4,3,3,0,3,2,2,3,3,4,3,4,4,4,0,3,4,3,4,4,4,4,2,3,4
678,4,4,4,4,4,4,0,4,0,4,0,0,0,4,4,4,4,4,4,4,4,4,4,4,4,4,4,0,4,4,4,4,4,4,4,4,4,4,4,0,0,4,0,4
679,4,4,4,4,4,2,4,4,4,4,4,4,2,3,4,4,4,1,4,4,4,4,1,4,2,0,1,2,2,1,3,4,4,4,4,2,3,0,4,4,4,4,4,4
680,3,3,3,3,3,3,4,2,3,3,4,4,3,4,4,4,4,4,3,3,3,4,2,4,3,2,2,3,3,3,3,4,2,4,3,3,3,4,4,4,4,4,2,1
681,4,3,3,4,4,2,4,4,4,4,4,4,4,4,4,4,4,2,4,4,4,2,2,3,2,3,1,0,2,1,2,4,4,4,3,4,4,3,4,3,2,3,3,4
682,4,3,4,2,4,4,2,4,4,4,4,3,4,4,4,3,4,4,4,4,4,4,4,4,4,4,4,2,4,2,4,3,4,2,0,4,4,4,4,0,1,0,0,2
683,4,4,0,4,4,2,3,3,4,3,4,4,2,4,3,3,3,3,1,4,4,3,4,4,4,1,4,3,4,3,3,4,3,4,4,4,3,3,4,2,0,3,4,4
684,4,4,4,2,4,2,1,4,4,1,4,4,4,4,4,3,4,3,4,4,3,4,3,3,2,2,3,3,2,1,4,4,4,4,4,4,1,3,3,4,4,4,4,1
685,4,4,3,1,2,4,3,2,2,2,3,2,2,3,4,4,4,4,4,4,4,4,4,1,4,4,1,1,4,4,4,4,4,4,4,4,1,4,2,3,4,4,4,4
686,4,2,3,2,3,2,3,2,3,2,3,2,3,3,4,4,4,4,4,4,4,3,4,2,4,1,2,3,3,4,4,4,3,4,3,4,4,4,4,4,3,3,4,3
687,4,2,4,4,4,4,0,0,2,4,2,4,2,0,3,2,4,4,4,4,0,4,4,4,3,4,4,0,4,2,4,4,4,4,4,4,4,4,4,4,4,4,4,4
688,4,4,4,2,4,2,4,0,4,0,4,4,4,4,4,4,4,3,4,4,4,4,4,4,4,0,1,0,1,4,4,4,3,4,4,2,3,4,3,4,4,4,4,2
689,4,4,3,2,3,4,4,3,4,4,4,3,2,4,4,3,4,4,4,4,4,4,2,4,3,2,1,1,1,3,4,4,4,3,2,3,4,4,4,2,3,3,4,2
690,4,4,0,0,3,4,4,3,0,4,4,4,4,4,4,4,4,4,4,4,4,2,4,4,4,4,4,4,4,4,4,4,4,2,4,4,0,4,4,0,0,0,4,4
691,4,2,4,3,3,4,3,4,4,3,4,3,4,4,3,4,4,3,4,2,3,3,4,2,4,3,2,3,3,3,2,3,4,3,4,4,3,3,3,4,2,3,3,2
692,4,3,2,2,4,2,3,3,4,0,3,0,4,4,4,4,3,4,3,3,3,4,3,4,4,2,3,2,3,3,4,4,4,4,3,4,4,2,4,4,3,4,4,4
693,3,3,4,4,4,4,4,4,4,4,4,4,2,3,4,4,4,4,4,4,4,4,4,4,0,0,1,0,4,4,4,4,4,4,3,4,4,0,4,4,0,0,4,4
694,4,3,3,3,4,3,4,4,4,3,1,3,3,3,4,3,3,4,3,2,3,3,3,3,4,2,4,2,3,2,4,4,0,4,4,4,4,4,4,4,4,4,4,3
695,4,4,4,4,4,4,4,4,4,4,4,4,4,4,4,4,4,4,4,4,4,4,4,4,4,4,4,4,0,4,4,0,0,0,4,4,4,4,4,0,0,0,0,4
696,4,4,2,2,2,3,4,3,4,3,4,4,2,4,4,4,4,4,4,4,3,4,4,4,4,4,3,1,4,2,3,4,4,4,4,2,0,4,4,1,4,2,4,3
697,2,4,4,2,2,3,3,4,4,0,4,4,4,4,4,4,0,4,4,4,4,4,0,4,4,4,2,0,4,4,4,4,0,4,4,4,4,4,4,4,4,4,4,4
698,2,2,4,4,3,2,2,4,3,4,2,4,4,4,4,2,3,4,4,4,3,4,4,4,4,4,4,4,4,4,4,2,1,4,3,3,1,1,3,4,4,4,4,4
699,4,3,2,1,4,2,2,3,4,1,0,3,3,4,4,4,4,4,4,4,4,4,4,4,4,3,4,2,4,4,4,4,4,3,4,4,4,4,4,4,2,2,4,2
700,4,3,3,4,4,3,3,4,4,3,4,4,4,3,4,4,4,3,3,3,4,2,4,2,4,2,3,1,2,2,4,4,3,3,4,3,3,4,3,4,3,4,3,4
701,4,3,4,4,4,4,4,4,4,4,3,4,3,4,2,4,4,4,4,4,4,3,3,4,3,3,4,3,4,2,4,4,4,4,4,4,3,4,3,0,0,2,1,1
702,4,4,4,4,4,3,4,3,3,3,3,2,3,4,4,4,2,3,4,3,2,2,4,4,3,2,3,3,2,1,4,4,4,4,3,3,4,4,4,4,3,4,4,4
703,3,2,4,3,2,4,3,4,4,3,3,4,4,4,4,4,4,2,4,4,3,3,4,3,1,0,1,4,3,4,2,4,4,3,4,4,4,4,4,4,4,4,4,3
704,4,4,0,4,3,4,2,4,4,1,3,4,4,4,4,4,4,4,3,3,4,4,3,3,4,2,4,3,4,3,4,3,3,4,3,3,3,3,2,4,4,4,4,3
705,3,3,4,2,3,3,3,3,3,4,4,2,3,4,4,4,4,4,3,4,4,4,4,3,4,2,2,3,3,4,4,3,4,3,4,4,0,4,4,4,4,4,4,2
706,4,4,4,4,4,4,0,4,3,2,4,4,4,2,4,4,4,4,2,4,4,4,4,2,4,4,0,0,0,4,2,4,4,4,4,4,4,4,4,4,4,4,3,4
707,4,4,4,4,4,4,4,4,4,4,4,4,2,4,3,3,4,3,4,2,3,4,3,4,4,3,3,2,3,3,3,4,4,4,4,4,4,4,2,2,0,0,4,4
708,4,4,4,2,4,3,3,4,3,4,3,2,4,4,4,4,4,3,3,4,3,2,3,2,4,2,2,3,3,3,3,4,4,4,4,4,4,4,3,3,4,4,3,3
709,4,3,4,4,4,3,4,3,3,2,4,2,4,4,4,4,4,4,4,4,4,4,4,2,4,4,1,2,4,0,4,4,3,4,4,4,0,3,4,4,2,4,4,4
710,3,4,4,4,3,3,4,3,3,4,3,4,4,3,4,4,4,4,3,3,4,3,4,3,3,2,3,3,4,3,3,4,4,4,4,2,3,2,0,4,4,4,4,4
711,4,4,3,3,4,4,4,4,4,1,3,4,3,4,4,4,4,4,4,4,4,3,4,4,3,2,3,4,4,4,3,3,4,3,4,0,3,3,3,3,3,3,4,2
712,4,4,2,2,4,3,4,4,3,3,4,4,3,4,4,4,4,3,3,4,3,3,1,4,4,1,3,2,4,3,3,4,4,4,4,4,3,4,4,3,4,4,3,4
713,4,4,4,4,3,4,4,1,3,3,4,3,3,3,4,4,3,3,4,4,2,4,3,4,4,4,4,3,2,4,4,4,3,4,3,3,3,3,3,4,3,3,4,3
714,4,3,4,4,4,4,0,0,4,0,0,4,3,4,4,4,4,4,4,4,4,4,4,4,4,2,4,4,4,4,1,4,4,4,4,4,4,4,4,4,2,4,4,3
715,4,4,2,4,4,4,4,4,4,2,2,2,4,4,4,4,4,4,4,4,4,4,4,4,4,2,4,2,2,2,4,4,4,4,4,4,2,4,4,2,2,2,2,4
716,3,3,3,2,4,3,2,3,4,2,4,4,4,4,4,4,4,4,3,4,4,3,4,3,4,4,4,3,4,2,4,4,4,4,4,3,4,4,3,2,2,2,4,4
717,4,4,3,2,3,3,3,4,4,4,4,4,4,4,4,3,4,4,4,4,4,4,4,4,4,4,3,4,3,4,2,3,3,2,4,4,1,1,3,3,3,4,4,3
718,4,3,3,4,4,4,2,0,4,4,0,2,2,4,4,4,4,4,4,4,4,4,4,4,3,1,4,2,3,3,4,4,4,4,4,3,4,4,4,4,4,4,4,4
719,4,3,0,4,4,3,4,4,4,0,4,3,4,4,4,4,4,4,3,3,4,4,3,4,4,4,4,4,4,4,4,3,3,4,4,2,2,4,4,4,2,3,4,3
720,3,3,4,2,2,4,2,2,2,3,3,3,3,2,4,4,4,4,4,4,4,4,4,4,4,2,4,3,4,4,4,4,4,4,3,4,4,4,4,4,3,3,4,4
721,4,4,4,4,4,4,4,4,4,4,4,4,4,4,4,4,4,4,4,4,4,4,4,4,4,4,4,4,4,4,4,4,3,4,0,1,4,1,0,0,3,4,0,4
722,4,3,2,3,3,4,4,3,4,4,4,2,3,3,4,4,3,4,4,4,3,4,4,4,4,2,4,3,3,4,4,4,4,4,4,4,3,4,4,3,0,2,4,4
723,4,4,4,4,4,4,3,4,4,4,3,3,4,4,4,4,4,4,4,4,4,4,3,4,2,4,3,3,2,3,4,2,2,4,3,4,1,4,3,3,3,4,4,3
724,4,4,4,4,4,4,4,4,4,4,4,3,4,4,4,4,4,4,3,2,3,2,3,3,3,2,4,2,2,3,4,4,4,3,3,4,3,3,4,4,3,3,4,4
725,4,3,4,4,4,3,1,4,4,4,4,4,2,4,4,4,4,4,3,4,4,4,4,4,2,0,3,3,2,2,2,4,4,4,4,4,3,4,4,4,4,4,4,4
726,4,3,3,4,4,3,4,4,4,3,4,4,4,4,3,3,4,4,3,4,3,4,4,4,3,4,2,4,2,4,2,4,4,4,4,4,3,4,3,2,2,2,4,4
727,4,3,4,4,4,2,2,3,4,0,3,2,4,4,4,4,4,4,4,4,4,4,4,4,4,2,4,1,4,4,4,4,4,3,4,3,4,4,2,4,4,4,4,4
728,4,4,4,4,4,4,2,4,3,1,4,4,2,4,4,4,4,4,4,4,4,4,1,4,4,0,3,1,4,4,4,4,4,4,4,2,4,4,4,4,3,4,4,4
729,4,3,4,4,4,4,3,3,4,2,3,2,3,4,4,4,4,4,4,4,4,3,3,3,4,3,4,4,4,4,4,4,4,4,4,4,3,3,4,3,2,2,3,3
730,4,4,4,4,4,4,4,4,3,4,4,3,4,4,4,3,3,4,4,4,4,4,4,4,4,3,3,0,4,4,3,3,4,2,3,2,3,3,4,4,3,2,4,4
731,4,3,4,2,4,3,4,3,4,3,3,4,3,3,4,4,4,4,3,3,3,3,2,4,3,3,4,3,4,3,4,4,4,4,4,4,4,4,4,4,4,4,1,4
732,4,3,4,4,4,4,4,2,4,4,4,2,4,4,4,4,2,4,4,4,4,4,4,4,4,2,4,2,4,4,4,2,3,4,4,4,4,4,4,4,3,2,4,0
733,4,3,4,3,4,4,3,4,4,2,3,4,3,4,3,3,4,3,4,4,3,4,3,4,3,3,3,4,4,3,4,4,4,4,4,4,4,3,4,4,3,3,4,3
734,4,4,4,2,4,4,3,4,4,3,4,4,4,4,3,4,4,4,3,2,3,3,4,4,4,1,3,3,3,1,4,4,4,4,4,4,4,4,4,4,4,3,4,4
735,4,4,4,4,4,3,4,2,4,3,3,4,4,2,4,4,4,4,4,4,4,4,4,4,4,3,2,3,4,3,3,4,0,4,4,4,4,4,4,3,3,4,3,4
736,4,4,4,3,4,4,4,4,4,4,4,4,3,4,4,4,4,4,3,4,3,4,4,4,3,2,3,2,2,2,3,4,2,4,3,3,4,4,4,4,4,4,4,4
737,4,4,4,4,4,1,4,4,4,3,4,4,4,4,4,4,4,4,4,4,4,4,3,4,4,2,4,3,2,1,4,4,4,4,4,4,4,1,4,3,3,4,4,3
738,4,3,0,4,4,3,3,4,1,4,4,4,4,4,4,4,4,4,4,4,4,4,4,4,4,4,4,4,4,4,4,4,4,4,4,4,0,0,4,4,4,4,4,4
739,4,4,4,4,4,4,4,4,4,4,3,4,4,4,4,4,4,4,4,4,4,4,4,4,4,3,3,2,2,3,4,4,4,4,4,4,4,2,4,2,4,2,4,1
740,4,4,4,4,4,4,2,4,4,1,4,2,4,4,4,4,4,4,4,4,4,4,4,4,3,2,4,2,4,4,4,4,4,4,4,3,3,4,4,4,3,3,4,4
741,4,4,4,4,4,4,4,4,4,2,4,4,4,4,4,4,4,4,4,4,2,4,4,4,4,1,4,4,4,0,4,4,4,4,4,4,4,0,4,4,3,4,4,4
742,3,3,4,4,4,4,4,4,3,3,3,2,3,4,4,4,3,4,4,4,4,4,4,4,4,2,3,1,4,4,4,4,4,4,4,4,4,4,3,4,4,4,4,4
743,4,4,4,4,4,4,4,0,4,4,4,4,4,4,4,4,4,4,4,3,4,3,0,4,4,4,3,3,4,4,4,4,3,4,4,4,4,4,4,4,4,3,4,3
744,4,4,4,4,4,4,4,4,4,4,4,1,4,4,4,4,4,4,4,4,4,4,0,4,4,4,4,3,4,4,4,4,2,4,4,4,4,4,4,4,1,4,4,4
745,4,4,4,4,4,4,3,1,4,4,3,4,4,4,4,4,4,4,4,4,4,4,4,4,4,4,4,4,4,4,4,4,4,4,4,4,1,4,4,4,4,4,4,0
746,4,4,4,4,4,3,4,4,4,4,4,4,4,4,4,4,4,4,4,4,3,4,4,4,4,1,3,4,3,4,4,4,4,4,4,4,4,4,4,3,3,4,4,1
747,4,4,3,4,4,4,3,4,4,4,4,4,4,4,4,4,4,4,4,4,4,4,4,4,4,4,3,4,2,4,4,4,4,4,4,4,4,4,4,4,4,3,4,4
748,4,4,4,4,4,4,4,4,4,4,4,4,4,4,4,4,4,4,4,4,4,4,4,4,4,2,4,4,4,4,4,4,4,4,4,4,4,4,4,4,0,4,4,4
